notification_date,age_group
2020-03-09,AgeGroup_20-24
2020-03-09,AgeGroup_25-29
2020-03-09,AgeGroup_35-39
2020-03-09,AgeGroup_40-44
2020-03-09,AgeGroup_45-49
2020-03-09,AgeGroup_50-54
2020-03-09,AgeGroup_70+
2020-03-09,AgeGroup_70+
2020-03-10,AgeGroup_30-34
2020-03-10,AgeGroup_50-54
2020-03-10,AgeGroup_55-59
2020-03-10,AgeGroup_60-64
2020-03-10,AgeGroup_60-64
2020-03-10,AgeGroup_60-64
2020-03-11,AgeGroup_10-14
2020-03-11,AgeGroup_15-19
2020-03-11,AgeGroup_20-24
2020-03-11,AgeGroup_20-24
2020-03-11,AgeGroup_20-24
2020-03-11,AgeGroup_25-29
2020-03-11,AgeGroup_25-29
2020-03-11,AgeGroup_30-34
2020-03-11,AgeGroup_30-34
2020-03-11,AgeGroup_35-39
2020-03-11,AgeGroup_35-39
2020-03-11,AgeGroup_40-44
2020-03-11,AgeGroup_45-49
2020-03-11,AgeGroup_45-49
2020-03-11,AgeGroup_50-54
2020-03-11,AgeGroup_55-59
2020-03-11,AgeGroup_60-64
2020-03-11,AgeGroup_60-64
2020-03-11,AgeGroup_70+
2020-03-11,AgeGroup_70+
2020-03-12,AgeGroup_20-24
2020-03-12,AgeGroup_20-24
2020-03-12,AgeGroup_25-29
2020-03-12,AgeGroup_25-29
2020-03-12,AgeGroup_25-29
2020-03-12,AgeGroup_25-29
2020-03-12,AgeGroup_30-34
2020-03-12,AgeGroup_30-34
2020-03-12,AgeGroup_30-34
2020-03-12,AgeGroup_30-34
2020-03-12,AgeGroup_35-39
2020-03-12,AgeGroup_35-39
2020-03-12,AgeGroup_40-44
2020-03-12,AgeGroup_40-44
2020-03-12,AgeGroup_40-44
2020-03-12,AgeGroup_40-44
2020-03-12,AgeGroup_45-49
2020-03-12,AgeGroup_50-54
2020-03-12,AgeGroup_55-59
2020-03-12,AgeGroup_60-64
2020-03-12,AgeGroup_65-69
2020-03-12,AgeGroup_65-69
2020-03-12,AgeGroup_65-69
2020-03-13,AgeGroup_15-19
2020-03-13,AgeGroup_20-24
2020-03-13,AgeGroup_20-24
2020-03-13,AgeGroup_25-29
2020-03-13,AgeGroup_25-29
2020-03-13,AgeGroup_25-29
2020-03-13,AgeGroup_25-29
2020-03-13,AgeGroup_30-34
2020-03-13,AgeGroup_30-34
2020-03-13,AgeGroup_30-34
2020-03-13,AgeGroup_30-34
2020-03-13,AgeGroup_35-39
2020-03-13,AgeGroup_35-39
2020-03-13,AgeGroup_35-39
2020-03-13,AgeGroup_35-39
2020-03-13,AgeGroup_35-39
2020-03-13,AgeGroup_40-44
2020-03-13,AgeGroup_40-44
2020-03-13,AgeGroup_40-44
2020-03-13,AgeGroup_50-54
2020-03-13,AgeGroup_50-54
2020-03-13,AgeGroup_55-59
2020-03-13,AgeGroup_55-59
2020-03-13,AgeGroup_55-59
2020-03-13,AgeGroup_55-59
2020-03-13,AgeGroup_60-64
2020-03-13,AgeGroup_60-64
2020-03-13,AgeGroup_60-64
2020-03-13,AgeGroup_65-69
2020-03-13,AgeGroup_65-69
2020-03-13,AgeGroup_65-69
2020-03-14,AgeGroup_15-19
2020-03-14,AgeGroup_15-19
2020-03-14,AgeGroup_20-24
2020-03-14,AgeGroup_25-29
2020-03-14,AgeGroup_30-34
2020-03-14,AgeGroup_30-34
2020-03-14,AgeGroup_30-34
2020-03-14,AgeGroup_30-34
2020-03-14,AgeGroup_35-39
2020-03-14,AgeGroup_35-39
2020-03-14,AgeGroup_40-44
2020-03-14,AgeGroup_40-44
2020-03-14,AgeGroup_40-44
2020-03-14,AgeGroup_45-49
2020-03-14,AgeGroup_50-54
2020-03-14,AgeGroup_50-54
2020-03-14,AgeGroup_50-54
2020-03-14,AgeGroup_55-59
2020-03-14,AgeGroup_60-64
2020-03-14,AgeGroup_60-64
2020-03-14,AgeGroup_60-64
2020-03-14,AgeGroup_65-69
2020-03-14,AgeGroup_65-69
2020-03-14,AgeGroup_65-69
2020-03-14,AgeGroup_65-69
2020-03-15,AgeGroup_15-19
2020-03-15,AgeGroup_20-24
2020-03-15,AgeGroup_20-24
2020-03-15,AgeGroup_20-24
2020-03-15,AgeGroup_25-29
2020-03-15,AgeGroup_25-29
2020-03-15,AgeGroup_30-34
2020-03-15,AgeGroup_30-34
2020-03-15,AgeGroup_30-34
2020-03-15,AgeGroup_30-34
2020-03-15,AgeGroup_30-34
2020-03-15,AgeGroup_30-34
2020-03-15,AgeGroup_30-34
2020-03-15,AgeGroup_30-34
2020-03-15,AgeGroup_35-39
2020-03-15,AgeGroup_35-39
2020-03-15,AgeGroup_35-39
2020-03-15,AgeGroup_35-39
2020-03-15,AgeGroup_40-44
2020-03-15,AgeGroup_45-49
2020-03-15,AgeGroup_45-49
2020-03-15,AgeGroup_45-49
2020-03-15,AgeGroup_45-49
2020-03-15,AgeGroup_45-49
2020-03-15,AgeGroup_50-54
2020-03-15,AgeGroup_50-54
2020-03-15,AgeGroup_50-54
2020-03-15,AgeGroup_55-59
2020-03-15,AgeGroup_55-59
2020-03-15,AgeGroup_55-59
2020-03-15,AgeGroup_60-64
2020-03-15,AgeGroup_60-64
2020-03-15,AgeGroup_65-69
2020-03-15,AgeGroup_70+
2020-03-15,AgeGroup_70+
2020-03-16,AgeGroup_20-24
2020-03-16,AgeGroup_20-24
2020-03-16,AgeGroup_20-24
2020-03-16,AgeGroup_25-29
2020-03-16,AgeGroup_25-29
2020-03-16,AgeGroup_25-29
2020-03-16,AgeGroup_30-34
2020-03-16,AgeGroup_30-34
2020-03-16,AgeGroup_30-34
2020-03-16,AgeGroup_30-34
2020-03-16,AgeGroup_35-39
2020-03-16,AgeGroup_35-39
2020-03-16,AgeGroup_35-39
2020-03-16,AgeGroup_35-39
2020-03-16,AgeGroup_35-39
2020-03-16,AgeGroup_35-39
2020-03-16,AgeGroup_40-44
2020-03-16,AgeGroup_40-44
2020-03-16,AgeGroup_40-44
2020-03-16,AgeGroup_40-44
2020-03-16,AgeGroup_40-44
2020-03-16,AgeGroup_45-49
2020-03-16,AgeGroup_45-49
2020-03-16,AgeGroup_45-49
2020-03-16,AgeGroup_45-49
2020-03-16,AgeGroup_45-49
2020-03-16,AgeGroup_45-49
2020-03-16,AgeGroup_45-49
2020-03-16,AgeGroup_45-49
2020-03-16,AgeGroup_45-49
2020-03-16,AgeGroup_45-49
2020-03-16,AgeGroup_45-49
2020-03-16,AgeGroup_45-49
2020-03-16,AgeGroup_50-54
2020-03-16,AgeGroup_50-54
2020-03-16,AgeGroup_55-59
2020-03-16,AgeGroup_55-59
2020-03-16,AgeGroup_55-59
2020-03-16,AgeGroup_60-64
2020-03-16,AgeGroup_60-64
2020-03-16,AgeGroup_60-64
2020-03-16,AgeGroup_60-64
2020-03-16,AgeGroup_60-64
2020-03-16,AgeGroup_65-69
2020-03-16,AgeGroup_65-69
2020-03-16,AgeGroup_70+
2020-03-16,AgeGroup_70+
2020-03-16,AgeGroup_70+
2020-03-16,AgeGroup_70+
2020-03-16,AgeGroup_70+
2020-03-17,AgeGroup_20-24
2020-03-17,AgeGroup_20-24
2020-03-17,AgeGroup_20-24
2020-03-17,AgeGroup_25-29
2020-03-17,AgeGroup_25-29
2020-03-17,AgeGroup_25-29
2020-03-17,AgeGroup_25-29
2020-03-17,AgeGroup_25-29
2020-03-17,AgeGroup_25-29
2020-03-17,AgeGroup_30-34
2020-03-17,AgeGroup_30-34
2020-03-17,AgeGroup_30-34
2020-03-17,AgeGroup_30-34
2020-03-17,AgeGroup_35-39
2020-03-17,AgeGroup_35-39
2020-03-17,AgeGroup_35-39
2020-03-17,AgeGroup_35-39
2020-03-17,AgeGroup_35-39
2020-03-17,AgeGroup_35-39
2020-03-17,AgeGroup_35-39
2020-03-17,AgeGroup_35-39
2020-03-17,AgeGroup_35-39
2020-03-17,AgeGroup_35-39
2020-03-17,AgeGroup_35-39
2020-03-17,AgeGroup_35-39
2020-03-17,AgeGroup_40-44
2020-03-17,AgeGroup_40-44
2020-03-17,AgeGroup_40-44
2020-03-17,AgeGroup_45-49
2020-03-17,AgeGroup_45-49
2020-03-17,AgeGroup_45-49
2020-03-17,AgeGroup_50-54
2020-03-17,AgeGroup_50-54
2020-03-17,AgeGroup_50-54
2020-03-17,AgeGroup_50-54
2020-03-17,AgeGroup_55-59
2020-03-17,AgeGroup_55-59
2020-03-17,AgeGroup_55-59
2020-03-17,AgeGroup_55-59
2020-03-17,AgeGroup_55-59
2020-03-17,AgeGroup_55-59
2020-03-17,AgeGroup_55-59
2020-03-17,AgeGroup_60-64
2020-03-17,AgeGroup_60-64
2020-03-17,AgeGroup_60-64
2020-03-17,AgeGroup_65-69
2020-03-17,AgeGroup_65-69
2020-03-17,AgeGroup_65-69
2020-03-17,AgeGroup_65-69
2020-03-17,AgeGroup_65-69
2020-03-17,AgeGroup_70+
2020-03-17,AgeGroup_70+
2020-03-17,AgeGroup_70+
2020-03-17,AgeGroup_70+
2020-03-18,AgeGroup_15-19
2020-03-18,AgeGroup_15-19
2020-03-18,AgeGroup_15-19
2020-03-18,AgeGroup_15-19
2020-03-18,AgeGroup_20-24
2020-03-18,AgeGroup_20-24
2020-03-18,AgeGroup_25-29
2020-03-18,AgeGroup_25-29
2020-03-18,AgeGroup_25-29
2020-03-18,AgeGroup_25-29
2020-03-18,AgeGroup_25-29
2020-03-18,AgeGroup_25-29
2020-03-18,AgeGroup_30-34
2020-03-18,AgeGroup_30-34
2020-03-18,AgeGroup_30-34
2020-03-18,AgeGroup_30-34
2020-03-18,AgeGroup_30-34
2020-03-18,AgeGroup_30-34
2020-03-18,AgeGroup_35-39
2020-03-18,AgeGroup_35-39
2020-03-18,AgeGroup_35-39
2020-03-18,AgeGroup_35-39
2020-03-18,AgeGroup_35-39
2020-03-18,AgeGroup_35-39
2020-03-18,AgeGroup_35-39
2020-03-18,AgeGroup_40-44
2020-03-18,AgeGroup_40-44
2020-03-18,AgeGroup_40-44
2020-03-18,AgeGroup_40-44
2020-03-18,AgeGroup_40-44
2020-03-18,AgeGroup_40-44
2020-03-18,AgeGroup_40-44
2020-03-18,AgeGroup_40-44
2020-03-18,AgeGroup_45-49
2020-03-18,AgeGroup_45-49
2020-03-18,AgeGroup_45-49
2020-03-18,AgeGroup_45-49
2020-03-18,AgeGroup_45-49
2020-03-18,AgeGroup_45-49
2020-03-18,AgeGroup_45-49
2020-03-18,AgeGroup_50-54
2020-03-18,AgeGroup_50-54
2020-03-18,AgeGroup_50-54
2020-03-18,AgeGroup_50-54
2020-03-18,AgeGroup_50-54
2020-03-18,AgeGroup_50-54
2020-03-18,AgeGroup_55-59
2020-03-18,AgeGroup_55-59
2020-03-18,AgeGroup_55-59
2020-03-18,AgeGroup_55-59
2020-03-18,AgeGroup_60-64
2020-03-18,AgeGroup_60-64
2020-03-18,AgeGroup_60-64
2020-03-18,AgeGroup_60-64
2020-03-18,AgeGroup_60-64
2020-03-18,AgeGroup_60-64
2020-03-18,AgeGroup_65-69
2020-03-18,AgeGroup_65-69
2020-03-18,AgeGroup_65-69
2020-03-18,AgeGroup_5-9
2020-03-18,AgeGroup_70+
2020-03-18,AgeGroup_70+
2020-03-18,AgeGroup_70+
2020-03-18,AgeGroup_70+
2020-03-19,AgeGroup_10-14
2020-03-19,AgeGroup_15-19
2020-03-19,AgeGroup_20-24
2020-03-19,AgeGroup_20-24
2020-03-19,AgeGroup_20-24
2020-03-19,AgeGroup_20-24
2020-03-19,AgeGroup_20-24
2020-03-19,AgeGroup_20-24
2020-03-19,AgeGroup_20-24
2020-03-19,AgeGroup_25-29
2020-03-19,AgeGroup_25-29
2020-03-19,AgeGroup_25-29
2020-03-19,AgeGroup_25-29
2020-03-19,AgeGroup_25-29
2020-03-19,AgeGroup_25-29
2020-03-19,AgeGroup_25-29
2020-03-19,AgeGroup_25-29
2020-03-19,AgeGroup_25-29
2020-03-19,AgeGroup_25-29
2020-03-19,AgeGroup_25-29
2020-03-19,AgeGroup_30-34
2020-03-19,AgeGroup_30-34
2020-03-19,AgeGroup_30-34
2020-03-19,AgeGroup_30-34
2020-03-19,AgeGroup_30-34
2020-03-19,AgeGroup_30-34
2020-03-19,AgeGroup_30-34
2020-03-19,AgeGroup_30-34
2020-03-19,AgeGroup_30-34
2020-03-19,AgeGroup_30-34
2020-03-19,AgeGroup_30-34
2020-03-19,AgeGroup_30-34
2020-03-19,AgeGroup_35-39
2020-03-19,AgeGroup_35-39
2020-03-19,AgeGroup_35-39
2020-03-19,AgeGroup_35-39
2020-03-19,AgeGroup_35-39
2020-03-19,AgeGroup_35-39
2020-03-19,AgeGroup_35-39
2020-03-19,AgeGroup_40-44
2020-03-19,AgeGroup_40-44
2020-03-19,AgeGroup_40-44
2020-03-19,AgeGroup_40-44
2020-03-19,AgeGroup_45-49
2020-03-19,AgeGroup_45-49
2020-03-19,AgeGroup_45-49
2020-03-19,AgeGroup_50-54
2020-03-19,AgeGroup_50-54
2020-03-19,AgeGroup_50-54
2020-03-19,AgeGroup_50-54
2020-03-19,AgeGroup_50-54
2020-03-19,AgeGroup_50-54
2020-03-19,AgeGroup_50-54
2020-03-19,AgeGroup_50-54
2020-03-19,AgeGroup_55-59
2020-03-19,AgeGroup_55-59
2020-03-19,AgeGroup_55-59
2020-03-19,AgeGroup_60-64
2020-03-19,AgeGroup_60-64
2020-03-19,AgeGroup_60-64
2020-03-19,AgeGroup_60-64
2020-03-19,AgeGroup_60-64
2020-03-19,AgeGroup_60-64
2020-03-19,AgeGroup_60-64
2020-03-19,AgeGroup_60-64
2020-03-19,AgeGroup_60-64
2020-03-19,AgeGroup_65-69
2020-03-19,AgeGroup_65-69
2020-03-19,AgeGroup_65-69
2020-03-19,AgeGroup_70+
2020-03-19,AgeGroup_70+
2020-03-19,AgeGroup_70+
2020-03-19,AgeGroup_70+
2020-03-19,AgeGroup_70+
2020-03-19,AgeGroup_70+
2020-03-20,AgeGroup_15-19
2020-03-20,AgeGroup_15-19
2020-03-20,AgeGroup_15-19
2020-03-20,AgeGroup_15-19
2020-03-20,AgeGroup_20-24
2020-03-20,AgeGroup_20-24
2020-03-20,AgeGroup_20-24
2020-03-20,AgeGroup_20-24
2020-03-20,AgeGroup_20-24
2020-03-20,AgeGroup_20-24
2020-03-20,AgeGroup_20-24
2020-03-20,AgeGroup_20-24
2020-03-20,AgeGroup_20-24
2020-03-20,AgeGroup_20-24
2020-03-20,AgeGroup_20-24
2020-03-20,AgeGroup_20-24
2020-03-20,AgeGroup_20-24
2020-03-20,AgeGroup_20-24
2020-03-20,AgeGroup_20-24
2020-03-20,AgeGroup_20-24
2020-03-20,AgeGroup_20-24
2020-03-20,AgeGroup_20-24
2020-03-20,AgeGroup_20-24
2020-03-20,AgeGroup_25-29
2020-03-20,AgeGroup_25-29
2020-03-20,AgeGroup_25-29
2020-03-20,AgeGroup_25-29
2020-03-20,AgeGroup_25-29
2020-03-20,AgeGroup_25-29
2020-03-20,AgeGroup_25-29
2020-03-20,AgeGroup_25-29
2020-03-20,AgeGroup_25-29
2020-03-20,AgeGroup_25-29
2020-03-20,AgeGroup_25-29
2020-03-20,AgeGroup_25-29
2020-03-20,AgeGroup_25-29
2020-03-20,AgeGroup_25-29
2020-03-20,AgeGroup_25-29
2020-03-20,AgeGroup_25-29
2020-03-20,AgeGroup_25-29
2020-03-20,AgeGroup_25-29
2020-03-20,AgeGroup_25-29
2020-03-20,AgeGroup_25-29
2020-03-20,AgeGroup_25-29
2020-03-20,AgeGroup_25-29
2020-03-20,AgeGroup_25-29
2020-03-20,AgeGroup_25-29
2020-03-20,AgeGroup_25-29
2020-03-20,AgeGroup_25-29
2020-03-20,AgeGroup_30-34
2020-03-20,AgeGroup_30-34
2020-03-20,AgeGroup_30-34
2020-03-20,AgeGroup_30-34
2020-03-20,AgeGroup_30-34
2020-03-20,AgeGroup_30-34
2020-03-20,AgeGroup_35-39
2020-03-20,AgeGroup_35-39
2020-03-20,AgeGroup_35-39
2020-03-20,AgeGroup_35-39
2020-03-20,AgeGroup_35-39
2020-03-20,AgeGroup_35-39
2020-03-20,AgeGroup_35-39
2020-03-20,AgeGroup_35-39
2020-03-20,AgeGroup_40-44
2020-03-20,AgeGroup_40-44
2020-03-20,AgeGroup_40-44
2020-03-20,AgeGroup_40-44
2020-03-20,AgeGroup_40-44
2020-03-20,AgeGroup_40-44
2020-03-20,AgeGroup_40-44
2020-03-20,AgeGroup_40-44
2020-03-20,AgeGroup_40-44
2020-03-20,AgeGroup_40-44
2020-03-20,AgeGroup_40-44
2020-03-20,AgeGroup_40-44
2020-03-20,AgeGroup_45-49
2020-03-20,AgeGroup_45-49
2020-03-20,AgeGroup_45-49
2020-03-20,AgeGroup_45-49
2020-03-20,AgeGroup_45-49
2020-03-20,AgeGroup_45-49
2020-03-20,AgeGroup_45-49
2020-03-20,AgeGroup_45-49
2020-03-20,AgeGroup_45-49
2020-03-20,AgeGroup_45-49
2020-03-20,AgeGroup_45-49
2020-03-20,AgeGroup_45-49
2020-03-20,AgeGroup_50-54
2020-03-20,AgeGroup_50-54
2020-03-20,AgeGroup_50-54
2020-03-20,AgeGroup_50-54
2020-03-20,AgeGroup_50-54
2020-03-20,AgeGroup_50-54
2020-03-20,AgeGroup_50-54
2020-03-20,AgeGroup_50-54
2020-03-20,AgeGroup_50-54
2020-03-20,AgeGroup_50-54
2020-03-20,AgeGroup_50-54
2020-03-20,AgeGroup_55-59
2020-03-20,AgeGroup_55-59
2020-03-20,AgeGroup_55-59
2020-03-20,AgeGroup_55-59
2020-03-20,AgeGroup_55-59
2020-03-20,AgeGroup_55-59
2020-03-20,AgeGroup_60-64
2020-03-20,AgeGroup_60-64
2020-03-20,AgeGroup_60-64
2020-03-20,AgeGroup_60-64
2020-03-20,AgeGroup_60-64
2020-03-20,AgeGroup_60-64
2020-03-20,AgeGroup_60-64
2020-03-20,AgeGroup_60-64
2020-03-20,AgeGroup_60-64
2020-03-20,AgeGroup_65-69
2020-03-20,AgeGroup_65-69
2020-03-20,AgeGroup_65-69
2020-03-20,AgeGroup_65-69
2020-03-20,AgeGroup_65-69
2020-03-20,AgeGroup_65-69
2020-03-20,AgeGroup_65-69
2020-03-20,AgeGroup_65-69
2020-03-20,AgeGroup_65-69
2020-03-20,AgeGroup_70+
2020-03-20,AgeGroup_70+
2020-03-20,AgeGroup_70+
2020-03-20,AgeGroup_70+
2020-03-20,AgeGroup_70+
2020-03-20,AgeGroup_70+
2020-03-20,AgeGroup_70+
2020-03-20,AgeGroup_70+
2020-03-20,AgeGroup_70+
2020-03-21,AgeGroup_15-19
2020-03-21,AgeGroup_15-19
2020-03-21,AgeGroup_20-24
2020-03-21,AgeGroup_20-24
2020-03-21,AgeGroup_20-24
2020-03-21,AgeGroup_25-29
2020-03-21,AgeGroup_25-29
2020-03-21,AgeGroup_25-29
2020-03-21,AgeGroup_25-29
2020-03-21,AgeGroup_25-29
2020-03-21,AgeGroup_25-29
2020-03-21,AgeGroup_25-29
2020-03-21,AgeGroup_25-29
2020-03-21,AgeGroup_25-29
2020-03-21,AgeGroup_25-29
2020-03-21,AgeGroup_25-29
2020-03-21,AgeGroup_25-29
2020-03-21,AgeGroup_25-29
2020-03-21,AgeGroup_30-34
2020-03-21,AgeGroup_30-34
2020-03-21,AgeGroup_30-34
2020-03-21,AgeGroup_30-34
2020-03-21,AgeGroup_30-34
2020-03-21,AgeGroup_30-34
2020-03-21,AgeGroup_30-34
2020-03-21,AgeGroup_30-34
2020-03-21,AgeGroup_30-34
2020-03-21,AgeGroup_30-34
2020-03-21,AgeGroup_40-44
2020-03-21,AgeGroup_40-44
2020-03-21,AgeGroup_40-44
2020-03-21,AgeGroup_40-44
2020-03-21,AgeGroup_40-44
2020-03-21,AgeGroup_45-49
2020-03-21,AgeGroup_45-49
2020-03-21,AgeGroup_45-49
2020-03-21,AgeGroup_45-49
2020-03-21,AgeGroup_45-49
2020-03-21,AgeGroup_45-49
2020-03-21,AgeGroup_45-49
2020-03-21,AgeGroup_45-49
2020-03-21,AgeGroup_45-49
2020-03-21,AgeGroup_50-54
2020-03-21,AgeGroup_50-54
2020-03-21,AgeGroup_50-54
2020-03-21,AgeGroup_50-54
2020-03-21,AgeGroup_50-54
2020-03-21,AgeGroup_50-54
2020-03-21,AgeGroup_50-54
2020-03-21,AgeGroup_50-54
2020-03-21,AgeGroup_50-54
2020-03-21,AgeGroup_50-54
2020-03-21,AgeGroup_55-59
2020-03-21,AgeGroup_55-59
2020-03-21,AgeGroup_55-59
2020-03-21,AgeGroup_55-59
2020-03-21,AgeGroup_55-59
2020-03-21,AgeGroup_55-59
2020-03-21,AgeGroup_55-59
2020-03-21,AgeGroup_55-59
2020-03-21,AgeGroup_55-59
2020-03-21,AgeGroup_55-59
2020-03-21,AgeGroup_60-64
2020-03-21,AgeGroup_60-64
2020-03-21,AgeGroup_60-64
2020-03-21,AgeGroup_60-64
2020-03-21,AgeGroup_60-64
2020-03-21,AgeGroup_60-64
2020-03-21,AgeGroup_60-64
2020-03-21,AgeGroup_60-64
2020-03-21,AgeGroup_60-64
2020-03-21,AgeGroup_60-64
2020-03-21,AgeGroup_60-64
2020-03-21,AgeGroup_60-64
2020-03-21,AgeGroup_65-69
2020-03-21,AgeGroup_65-69
2020-03-21,AgeGroup_65-69
2020-03-21,AgeGroup_65-69
2020-03-21,AgeGroup_65-69
2020-03-21,AgeGroup_65-69
2020-03-21,AgeGroup_70+
2020-03-21,AgeGroup_70+
2020-03-21,AgeGroup_70+
2020-03-21,AgeGroup_70+
2020-03-21,AgeGroup_70+
2020-03-21,AgeGroup_70+
2020-03-21,AgeGroup_70+
2020-03-21,AgeGroup_70+
2020-03-21,AgeGroup_70+
2020-03-21,AgeGroup_70+
2020-03-21,AgeGroup_70+
2020-03-21,AgeGroup_70+
2020-03-21,AgeGroup_70+
2020-03-21,AgeGroup_70+
2020-03-21,AgeGroup_70+
2020-03-21,AgeGroup_70+
2020-03-21,AgeGroup_70+
2020-03-21,AgeGroup_70+
2020-03-21,AgeGroup_70+
2020-03-21,AgeGroup_70+
2020-03-21,AgeGroup_70+
2020-03-21,AgeGroup_70+
2020-03-21,AgeGroup_70+
2020-03-22,AgeGroup_0-4
2020-03-22,AgeGroup_15-19
2020-03-22,AgeGroup_15-19
2020-03-22,AgeGroup_15-19
2020-03-22,AgeGroup_20-24
2020-03-22,AgeGroup_20-24
2020-03-22,AgeGroup_20-24
2020-03-22,AgeGroup_20-24
2020-03-22,AgeGroup_20-24
2020-03-22,AgeGroup_20-24
2020-03-22,AgeGroup_20-24
2020-03-22,AgeGroup_20-24
2020-03-22,AgeGroup_20-24
2020-03-22,AgeGroup_20-24
2020-03-22,AgeGroup_20-24
2020-03-22,AgeGroup_20-24
2020-03-22,AgeGroup_20-24
2020-03-22,AgeGroup_20-24
2020-03-22,AgeGroup_20-24
2020-03-22,AgeGroup_25-29
2020-03-22,AgeGroup_25-29
2020-03-22,AgeGroup_25-29
2020-03-22,AgeGroup_25-29
2020-03-22,AgeGroup_25-29
2020-03-22,AgeGroup_25-29
2020-03-22,AgeGroup_25-29
2020-03-22,AgeGroup_25-29
2020-03-22,AgeGroup_25-29
2020-03-22,AgeGroup_25-29
2020-03-22,AgeGroup_25-29
2020-03-22,AgeGroup_25-29
2020-03-22,AgeGroup_25-29
2020-03-22,AgeGroup_25-29
2020-03-22,AgeGroup_25-29
2020-03-22,AgeGroup_25-29
2020-03-22,AgeGroup_30-34
2020-03-22,AgeGroup_30-34
2020-03-22,AgeGroup_30-34
2020-03-22,AgeGroup_30-34
2020-03-22,AgeGroup_30-34
2020-03-22,AgeGroup_30-34
2020-03-22,AgeGroup_30-34
2020-03-22,AgeGroup_30-34
2020-03-22,AgeGroup_30-34
2020-03-22,AgeGroup_30-34
2020-03-22,AgeGroup_30-34
2020-03-22,AgeGroup_35-39
2020-03-22,AgeGroup_35-39
2020-03-22,AgeGroup_35-39
2020-03-22,AgeGroup_35-39
2020-03-22,AgeGroup_35-39
2020-03-22,AgeGroup_35-39
2020-03-22,AgeGroup_35-39
2020-03-22,AgeGroup_35-39
2020-03-22,AgeGroup_40-44
2020-03-22,AgeGroup_40-44
2020-03-22,AgeGroup_40-44
2020-03-22,AgeGroup_40-44
2020-03-22,AgeGroup_40-44
2020-03-22,AgeGroup_40-44
2020-03-22,AgeGroup_45-49
2020-03-22,AgeGroup_45-49
2020-03-22,AgeGroup_45-49
2020-03-22,AgeGroup_45-49
2020-03-22,AgeGroup_45-49
2020-03-22,AgeGroup_45-49
2020-03-22,AgeGroup_45-49
2020-03-22,AgeGroup_45-49
2020-03-22,AgeGroup_50-54
2020-03-22,AgeGroup_50-54
2020-03-22,AgeGroup_50-54
2020-03-22,AgeGroup_50-54
2020-03-22,AgeGroup_50-54
2020-03-22,AgeGroup_50-54
2020-03-22,AgeGroup_50-54
2020-03-22,AgeGroup_50-54
2020-03-22,AgeGroup_50-54
2020-03-22,AgeGroup_50-54
2020-03-22,AgeGroup_50-54
2020-03-22,AgeGroup_55-59
2020-03-22,AgeGroup_55-59
2020-03-22,AgeGroup_55-59
2020-03-22,AgeGroup_55-59
2020-03-22,AgeGroup_55-59
2020-03-22,AgeGroup_55-59
2020-03-22,AgeGroup_55-59
2020-03-22,AgeGroup_55-59
2020-03-22,AgeGroup_55-59
2020-03-22,AgeGroup_55-59
2020-03-22,AgeGroup_55-59
2020-03-22,AgeGroup_55-59
2020-03-22,AgeGroup_55-59
2020-03-22,AgeGroup_55-59
2020-03-22,AgeGroup_55-59
2020-03-22,AgeGroup_55-59
2020-03-22,AgeGroup_55-59
2020-03-22,AgeGroup_60-64
2020-03-22,AgeGroup_60-64
2020-03-22,AgeGroup_60-64
2020-03-22,AgeGroup_60-64
2020-03-22,AgeGroup_60-64
2020-03-22,AgeGroup_60-64
2020-03-22,AgeGroup_60-64
2020-03-22,AgeGroup_60-64
2020-03-22,AgeGroup_60-64
2020-03-22,AgeGroup_60-64
2020-03-22,AgeGroup_60-64
2020-03-22,AgeGroup_60-64
2020-03-22,AgeGroup_60-64
2020-03-22,AgeGroup_60-64
2020-03-22,AgeGroup_60-64
2020-03-22,AgeGroup_60-64
2020-03-22,AgeGroup_60-64
2020-03-22,AgeGroup_60-64
2020-03-22,AgeGroup_60-64
2020-03-22,AgeGroup_60-64
2020-03-22,AgeGroup_65-69
2020-03-22,AgeGroup_65-69
2020-03-22,AgeGroup_65-69
2020-03-22,AgeGroup_65-69
2020-03-22,AgeGroup_65-69
2020-03-22,AgeGroup_65-69
2020-03-22,AgeGroup_65-69
2020-03-22,AgeGroup_65-69
2020-03-22,AgeGroup_65-69
2020-03-22,AgeGroup_65-69
2020-03-22,AgeGroup_65-69
2020-03-22,AgeGroup_65-69
2020-03-22,AgeGroup_65-69
2020-03-22,AgeGroup_65-69
2020-03-22,AgeGroup_65-69
2020-03-22,AgeGroup_65-69
2020-03-22,AgeGroup_65-69
2020-03-22,AgeGroup_70+
2020-03-22,AgeGroup_70+
2020-03-22,AgeGroup_70+
2020-03-22,AgeGroup_70+
2020-03-22,AgeGroup_70+
2020-03-22,AgeGroup_70+
2020-03-22,AgeGroup_70+
2020-03-22,AgeGroup_70+
2020-03-22,AgeGroup_70+
2020-03-22,AgeGroup_70+
2020-03-22,AgeGroup_70+
2020-03-22,AgeGroup_70+
2020-03-22,AgeGroup_70+
2020-03-22,AgeGroup_70+
2020-03-22,AgeGroup_70+
2020-03-22,AgeGroup_70+
2020-03-22,AgeGroup_70+
2020-03-22,AgeGroup_70+
2020-03-22,AgeGroup_70+
2020-03-22,AgeGroup_70+
2020-03-22,AgeGroup_70+
2020-03-22,AgeGroup_70+
2020-03-22,AgeGroup_70+
2020-03-22,AgeGroup_70+
2020-03-22,AgeGroup_70+
2020-03-22,AgeGroup_70+
2020-03-22,AgeGroup_70+
2020-03-22,AgeGroup_70+
2020-03-22,AgeGroup_70+
2020-03-22,AgeGroup_70+
2020-03-22,AgeGroup_70+
2020-03-22,AgeGroup_70+
2020-03-22,AgeGroup_70+
2020-03-22,AgeGroup_70+
2020-03-22,AgeGroup_70+
2020-03-22,AgeGroup_70+
2020-03-22,AgeGroup_70+
2020-03-22,AgeGroup_70+
2020-03-22,AgeGroup_70+
2020-03-22,AgeGroup_70+
2020-03-22,AgeGroup_70+
2020-03-22,AgeGroup_70+
2020-03-22,AgeGroup_70+
2020-03-22,AgeGroup_70+
2020-03-22,AgeGroup_70+
2020-03-22,AgeGroup_70+
2020-03-22,AgeGroup_70+
2020-03-22,AgeGroup_70+
2020-03-23,AgeGroup_15-19
2020-03-23,AgeGroup_0-4
2020-03-23,AgeGroup_20-24
2020-03-23,AgeGroup_20-24
2020-03-23,AgeGroup_20-24
2020-03-23,AgeGroup_20-24
2020-03-23,AgeGroup_20-24
2020-03-23,AgeGroup_20-24
2020-03-23,AgeGroup_20-24
2020-03-23,AgeGroup_20-24
2020-03-23,AgeGroup_20-24
2020-03-23,AgeGroup_20-24
2020-03-23,AgeGroup_20-24
2020-03-23,AgeGroup_20-24
2020-03-23,AgeGroup_20-24
2020-03-23,AgeGroup_25-29
2020-03-23,AgeGroup_25-29
2020-03-23,AgeGroup_25-29
2020-03-23,AgeGroup_25-29
2020-03-23,AgeGroup_25-29
2020-03-23,AgeGroup_25-29
2020-03-23,AgeGroup_25-29
2020-03-23,AgeGroup_25-29
2020-03-23,AgeGroup_25-29
2020-03-23,AgeGroup_25-29
2020-03-23,AgeGroup_25-29
2020-03-23,AgeGroup_25-29
2020-03-23,AgeGroup_25-29
2020-03-23,AgeGroup_25-29
2020-03-23,AgeGroup_25-29
2020-03-23,AgeGroup_25-29
2020-03-23,AgeGroup_25-29
2020-03-23,AgeGroup_25-29
2020-03-23,AgeGroup_25-29
2020-03-23,AgeGroup_25-29
2020-03-23,AgeGroup_25-29
2020-03-23,AgeGroup_25-29
2020-03-23,AgeGroup_25-29
2020-03-23,AgeGroup_25-29
2020-03-23,AgeGroup_25-29
2020-03-23,AgeGroup_25-29
2020-03-23,AgeGroup_25-29
2020-03-23,AgeGroup_30-34
2020-03-23,AgeGroup_30-34
2020-03-23,AgeGroup_30-34
2020-03-23,AgeGroup_30-34
2020-03-23,AgeGroup_30-34
2020-03-23,AgeGroup_30-34
2020-03-23,AgeGroup_30-34
2020-03-23,AgeGroup_30-34
2020-03-23,AgeGroup_30-34
2020-03-23,AgeGroup_30-34
2020-03-23,AgeGroup_30-34
2020-03-23,AgeGroup_30-34
2020-03-23,AgeGroup_30-34
2020-03-23,AgeGroup_30-34
2020-03-23,AgeGroup_30-34
2020-03-23,AgeGroup_30-34
2020-03-23,AgeGroup_30-34
2020-03-23,AgeGroup_35-39
2020-03-23,AgeGroup_35-39
2020-03-23,AgeGroup_35-39
2020-03-23,AgeGroup_35-39
2020-03-23,AgeGroup_35-39
2020-03-23,AgeGroup_35-39
2020-03-23,AgeGroup_35-39
2020-03-23,AgeGroup_35-39
2020-03-23,AgeGroup_35-39
2020-03-23,AgeGroup_35-39
2020-03-23,AgeGroup_35-39
2020-03-23,AgeGroup_40-44
2020-03-23,AgeGroup_40-44
2020-03-23,AgeGroup_40-44
2020-03-23,AgeGroup_40-44
2020-03-23,AgeGroup_40-44
2020-03-23,AgeGroup_45-49
2020-03-23,AgeGroup_45-49
2020-03-23,AgeGroup_45-49
2020-03-23,AgeGroup_45-49
2020-03-23,AgeGroup_45-49
2020-03-23,AgeGroup_45-49
2020-03-23,AgeGroup_45-49
2020-03-23,AgeGroup_45-49
2020-03-23,AgeGroup_45-49
2020-03-23,AgeGroup_45-49
2020-03-23,AgeGroup_45-49
2020-03-23,AgeGroup_45-49
2020-03-23,AgeGroup_50-54
2020-03-23,AgeGroup_50-54
2020-03-23,AgeGroup_50-54
2020-03-23,AgeGroup_50-54
2020-03-23,AgeGroup_50-54
2020-03-23,AgeGroup_50-54
2020-03-23,AgeGroup_50-54
2020-03-23,AgeGroup_50-54
2020-03-23,AgeGroup_50-54
2020-03-23,AgeGroup_50-54
2020-03-23,AgeGroup_50-54
2020-03-23,AgeGroup_50-54
2020-03-23,AgeGroup_50-54
2020-03-23,AgeGroup_55-59
2020-03-23,AgeGroup_55-59
2020-03-23,AgeGroup_55-59
2020-03-23,AgeGroup_55-59
2020-03-23,AgeGroup_55-59
2020-03-23,AgeGroup_55-59
2020-03-23,AgeGroup_55-59
2020-03-23,AgeGroup_55-59
2020-03-23,AgeGroup_55-59
2020-03-23,AgeGroup_55-59
2020-03-23,AgeGroup_55-59
2020-03-23,AgeGroup_55-59
2020-03-23,AgeGroup_55-59
2020-03-23,AgeGroup_55-59
2020-03-23,AgeGroup_60-64
2020-03-23,AgeGroup_60-64
2020-03-23,AgeGroup_60-64
2020-03-23,AgeGroup_60-64
2020-03-23,AgeGroup_60-64
2020-03-23,AgeGroup_60-64
2020-03-23,AgeGroup_60-64
2020-03-23,AgeGroup_60-64
2020-03-23,AgeGroup_60-64
2020-03-23,AgeGroup_60-64
2020-03-23,AgeGroup_65-69
2020-03-23,AgeGroup_65-69
2020-03-23,AgeGroup_65-69
2020-03-23,AgeGroup_65-69
2020-03-23,AgeGroup_65-69
2020-03-23,AgeGroup_65-69
2020-03-23,AgeGroup_65-69
2020-03-23,AgeGroup_65-69
2020-03-23,AgeGroup_65-69
2020-03-23,AgeGroup_65-69
2020-03-23,AgeGroup_65-69
2020-03-23,AgeGroup_65-69
2020-03-23,AgeGroup_65-69
2020-03-23,AgeGroup_65-69
2020-03-23,AgeGroup_65-69
2020-03-23,AgeGroup_65-69
2020-03-23,AgeGroup_65-69
2020-03-23,AgeGroup_65-69
2020-03-23,AgeGroup_65-69
2020-03-23,AgeGroup_65-69
2020-03-23,AgeGroup_65-69
2020-03-23,AgeGroup_70+
2020-03-23,AgeGroup_70+
2020-03-23,AgeGroup_70+
2020-03-23,AgeGroup_70+
2020-03-23,AgeGroup_70+
2020-03-23,AgeGroup_70+
2020-03-23,AgeGroup_70+
2020-03-23,AgeGroup_70+
2020-03-23,AgeGroup_70+
2020-03-23,AgeGroup_70+
2020-03-23,AgeGroup_70+
2020-03-23,AgeGroup_70+
2020-03-23,AgeGroup_70+
2020-03-23,AgeGroup_70+
2020-03-23,AgeGroup_70+
2020-03-23,AgeGroup_70+
2020-03-23,AgeGroup_70+
2020-03-23,AgeGroup_70+
2020-03-23,AgeGroup_70+
2020-03-23,AgeGroup_70+
2020-03-23,AgeGroup_70+
2020-03-23,AgeGroup_70+
2020-03-23,AgeGroup_70+
2020-03-23,AgeGroup_70+
2020-03-23,AgeGroup_70+
2020-03-23,AgeGroup_70+
2020-03-23,AgeGroup_70+
2020-03-23,AgeGroup_70+
2020-03-23,AgeGroup_70+
2020-03-23,AgeGroup_70+
2020-03-23,AgeGroup_70+
2020-03-23,AgeGroup_70+
2020-03-23,AgeGroup_70+
2020-03-23,AgeGroup_70+
2020-03-23,AgeGroup_70+
2020-03-23,AgeGroup_70+
2020-03-23,AgeGroup_70+
2020-03-23,AgeGroup_70+
2020-03-23,AgeGroup_70+
2020-03-23,AgeGroup_70+
2020-03-24,AgeGroup_0-4
2020-03-24,AgeGroup_15-19
2020-03-24,AgeGroup_15-19
2020-03-24,AgeGroup_20-24
2020-03-24,AgeGroup_20-24
2020-03-24,AgeGroup_20-24
2020-03-24,AgeGroup_20-24
2020-03-24,AgeGroup_20-24
2020-03-24,AgeGroup_20-24
2020-03-24,AgeGroup_20-24
2020-03-24,AgeGroup_20-24
2020-03-24,AgeGroup_20-24
2020-03-24,AgeGroup_20-24
2020-03-24,AgeGroup_20-24
2020-03-24,AgeGroup_20-24
2020-03-24,AgeGroup_20-24
2020-03-24,AgeGroup_25-29
2020-03-24,AgeGroup_25-29
2020-03-24,AgeGroup_25-29
2020-03-24,AgeGroup_25-29
2020-03-24,AgeGroup_25-29
2020-03-24,AgeGroup_25-29
2020-03-24,AgeGroup_25-29
2020-03-24,AgeGroup_25-29
2020-03-24,AgeGroup_25-29
2020-03-24,AgeGroup_25-29
2020-03-24,AgeGroup_25-29
2020-03-24,AgeGroup_25-29
2020-03-24,AgeGroup_25-29
2020-03-24,AgeGroup_30-34
2020-03-24,AgeGroup_30-34
2020-03-24,AgeGroup_30-34
2020-03-24,AgeGroup_30-34
2020-03-24,AgeGroup_30-34
2020-03-24,AgeGroup_30-34
2020-03-24,AgeGroup_30-34
2020-03-24,AgeGroup_30-34
2020-03-24,AgeGroup_30-34
2020-03-24,AgeGroup_30-34
2020-03-24,AgeGroup_30-34
2020-03-24,AgeGroup_30-34
2020-03-24,AgeGroup_30-34
2020-03-24,AgeGroup_35-39
2020-03-24,AgeGroup_35-39
2020-03-24,AgeGroup_35-39
2020-03-24,AgeGroup_35-39
2020-03-24,AgeGroup_35-39
2020-03-24,AgeGroup_35-39
2020-03-24,AgeGroup_35-39
2020-03-24,AgeGroup_35-39
2020-03-24,AgeGroup_35-39
2020-03-24,AgeGroup_35-39
2020-03-24,AgeGroup_35-39
2020-03-24,AgeGroup_35-39
2020-03-24,AgeGroup_35-39
2020-03-24,AgeGroup_35-39
2020-03-24,AgeGroup_35-39
2020-03-24,AgeGroup_40-44
2020-03-24,AgeGroup_40-44
2020-03-24,AgeGroup_40-44
2020-03-24,AgeGroup_40-44
2020-03-24,AgeGroup_40-44
2020-03-24,AgeGroup_40-44
2020-03-24,AgeGroup_40-44
2020-03-24,AgeGroup_40-44
2020-03-24,AgeGroup_45-49
2020-03-24,AgeGroup_45-49
2020-03-24,AgeGroup_45-49
2020-03-24,AgeGroup_45-49
2020-03-24,AgeGroup_45-49
2020-03-24,AgeGroup_45-49
2020-03-24,AgeGroup_45-49
2020-03-24,AgeGroup_45-49
2020-03-24,AgeGroup_45-49
2020-03-24,AgeGroup_45-49
2020-03-24,AgeGroup_45-49
2020-03-24,AgeGroup_45-49
2020-03-24,AgeGroup_45-49
2020-03-24,AgeGroup_45-49
2020-03-24,AgeGroup_45-49
2020-03-24,AgeGroup_50-54
2020-03-24,AgeGroup_50-54
2020-03-24,AgeGroup_50-54
2020-03-24,AgeGroup_50-54
2020-03-24,AgeGroup_50-54
2020-03-24,AgeGroup_50-54
2020-03-24,AgeGroup_50-54
2020-03-24,AgeGroup_50-54
2020-03-24,AgeGroup_50-54
2020-03-24,AgeGroup_50-54
2020-03-24,AgeGroup_50-54
2020-03-24,AgeGroup_50-54
2020-03-24,AgeGroup_50-54
2020-03-24,AgeGroup_50-54
2020-03-24,AgeGroup_50-54
2020-03-24,AgeGroup_50-54
2020-03-24,AgeGroup_50-54
2020-03-24,AgeGroup_50-54
2020-03-24,AgeGroup_55-59
2020-03-24,AgeGroup_55-59
2020-03-24,AgeGroup_55-59
2020-03-24,AgeGroup_55-59
2020-03-24,AgeGroup_55-59
2020-03-24,AgeGroup_55-59
2020-03-24,AgeGroup_55-59
2020-03-24,AgeGroup_55-59
2020-03-24,AgeGroup_55-59
2020-03-24,AgeGroup_55-59
2020-03-24,AgeGroup_55-59
2020-03-24,AgeGroup_55-59
2020-03-24,AgeGroup_55-59
2020-03-24,AgeGroup_55-59
2020-03-24,AgeGroup_55-59
2020-03-24,AgeGroup_55-59
2020-03-24,AgeGroup_55-59
2020-03-24,AgeGroup_55-59
2020-03-24,AgeGroup_55-59
2020-03-24,AgeGroup_60-64
2020-03-24,AgeGroup_60-64
2020-03-24,AgeGroup_60-64
2020-03-24,AgeGroup_60-64
2020-03-24,AgeGroup_60-64
2020-03-24,AgeGroup_60-64
2020-03-24,AgeGroup_60-64
2020-03-24,AgeGroup_60-64
2020-03-24,AgeGroup_60-64
2020-03-24,AgeGroup_60-64
2020-03-24,AgeGroup_60-64
2020-03-24,AgeGroup_60-64
2020-03-24,AgeGroup_60-64
2020-03-24,AgeGroup_60-64
2020-03-24,AgeGroup_60-64
2020-03-24,AgeGroup_60-64
2020-03-24,AgeGroup_60-64
2020-03-24,AgeGroup_60-64
2020-03-24,AgeGroup_60-64
2020-03-24,AgeGroup_60-64
2020-03-24,AgeGroup_60-64
2020-03-24,AgeGroup_60-64
2020-03-24,AgeGroup_60-64
2020-03-24,AgeGroup_60-64
2020-03-24,AgeGroup_65-69
2020-03-24,AgeGroup_65-69
2020-03-24,AgeGroup_65-69
2020-03-24,AgeGroup_65-69
2020-03-24,AgeGroup_65-69
2020-03-24,AgeGroup_65-69
2020-03-24,AgeGroup_65-69
2020-03-24,AgeGroup_65-69
2020-03-24,AgeGroup_65-69
2020-03-24,AgeGroup_65-69
2020-03-24,AgeGroup_65-69
2020-03-24,AgeGroup_65-69
2020-03-24,AgeGroup_65-69
2020-03-24,AgeGroup_65-69
2020-03-24,AgeGroup_65-69
2020-03-24,AgeGroup_5-9
2020-03-24,AgeGroup_70+
2020-03-24,AgeGroup_70+
2020-03-24,AgeGroup_70+
2020-03-24,AgeGroup_70+
2020-03-24,AgeGroup_70+
2020-03-24,AgeGroup_70+
2020-03-24,AgeGroup_70+
2020-03-24,AgeGroup_70+
2020-03-24,AgeGroup_70+
2020-03-24,AgeGroup_70+
2020-03-24,AgeGroup_70+
2020-03-24,AgeGroup_70+
2020-03-24,AgeGroup_70+
2020-03-24,AgeGroup_70+
2020-03-24,AgeGroup_70+
2020-03-24,AgeGroup_70+
2020-03-24,AgeGroup_70+
2020-03-24,AgeGroup_70+
2020-03-24,AgeGroup_70+
2020-03-24,AgeGroup_70+
2020-03-24,AgeGroup_70+
2020-03-24,AgeGroup_70+
2020-03-24,AgeGroup_70+
2020-03-24,AgeGroup_70+
2020-03-24,AgeGroup_70+
2020-03-24,AgeGroup_70+
2020-03-24,AgeGroup_70+
2020-03-24,AgeGroup_70+
2020-03-24,AgeGroup_70+
2020-03-24,AgeGroup_70+
2020-03-24,AgeGroup_70+
2020-03-24,AgeGroup_70+
2020-03-24,AgeGroup_70+
2020-03-24,AgeGroup_70+
2020-03-24,AgeGroup_70+
2020-03-24,AgeGroup_70+
2020-03-24,AgeGroup_70+
2020-03-24,AgeGroup_70+
2020-03-24,AgeGroup_70+
2020-03-25,AgeGroup_10-14
2020-03-25,AgeGroup_15-19
2020-03-25,AgeGroup_20-24
2020-03-25,AgeGroup_20-24
2020-03-25,AgeGroup_20-24
2020-03-25,AgeGroup_20-24
2020-03-25,AgeGroup_20-24
2020-03-25,AgeGroup_20-24
2020-03-25,AgeGroup_20-24
2020-03-25,AgeGroup_20-24
2020-03-25,AgeGroup_20-24
2020-03-25,AgeGroup_20-24
2020-03-25,AgeGroup_20-24
2020-03-25,AgeGroup_20-24
2020-03-25,AgeGroup_20-24
2020-03-25,AgeGroup_20-24
2020-03-25,AgeGroup_20-24
2020-03-25,AgeGroup_20-24
2020-03-25,AgeGroup_20-24
2020-03-25,AgeGroup_20-24
2020-03-25,AgeGroup_20-24
2020-03-25,AgeGroup_20-24
2020-03-25,AgeGroup_20-24
2020-03-25,AgeGroup_20-24
2020-03-25,AgeGroup_25-29
2020-03-25,AgeGroup_25-29
2020-03-25,AgeGroup_25-29
2020-03-25,AgeGroup_25-29
2020-03-25,AgeGroup_25-29
2020-03-25,AgeGroup_25-29
2020-03-25,AgeGroup_25-29
2020-03-25,AgeGroup_25-29
2020-03-25,AgeGroup_25-29
2020-03-25,AgeGroup_25-29
2020-03-25,AgeGroup_25-29
2020-03-25,AgeGroup_25-29
2020-03-25,AgeGroup_25-29
2020-03-25,AgeGroup_25-29
2020-03-25,AgeGroup_25-29
2020-03-25,AgeGroup_25-29
2020-03-25,AgeGroup_25-29
2020-03-25,AgeGroup_25-29
2020-03-25,AgeGroup_25-29
2020-03-25,AgeGroup_25-29
2020-03-25,AgeGroup_25-29
2020-03-25,AgeGroup_25-29
2020-03-25,AgeGroup_25-29
2020-03-25,AgeGroup_25-29
2020-03-25,AgeGroup_25-29
2020-03-25,AgeGroup_25-29
2020-03-25,AgeGroup_25-29
2020-03-25,AgeGroup_25-29
2020-03-25,AgeGroup_25-29
2020-03-25,AgeGroup_25-29
2020-03-25,AgeGroup_25-29
2020-03-25,AgeGroup_25-29
2020-03-25,AgeGroup_25-29
2020-03-25,AgeGroup_0-4
2020-03-25,AgeGroup_30-34
2020-03-25,AgeGroup_30-34
2020-03-25,AgeGroup_30-34
2020-03-25,AgeGroup_30-34
2020-03-25,AgeGroup_30-34
2020-03-25,AgeGroup_30-34
2020-03-25,AgeGroup_30-34
2020-03-25,AgeGroup_30-34
2020-03-25,AgeGroup_30-34
2020-03-25,AgeGroup_30-34
2020-03-25,AgeGroup_35-39
2020-03-25,AgeGroup_35-39
2020-03-25,AgeGroup_35-39
2020-03-25,AgeGroup_35-39
2020-03-25,AgeGroup_35-39
2020-03-25,AgeGroup_35-39
2020-03-25,AgeGroup_35-39
2020-03-25,AgeGroup_35-39
2020-03-25,AgeGroup_35-39
2020-03-25,AgeGroup_35-39
2020-03-25,AgeGroup_40-44
2020-03-25,AgeGroup_40-44
2020-03-25,AgeGroup_40-44
2020-03-25,AgeGroup_40-44
2020-03-25,AgeGroup_40-44
2020-03-25,AgeGroup_40-44
2020-03-25,AgeGroup_40-44
2020-03-25,AgeGroup_40-44
2020-03-25,AgeGroup_40-44
2020-03-25,AgeGroup_40-44
2020-03-25,AgeGroup_45-49
2020-03-25,AgeGroup_45-49
2020-03-25,AgeGroup_45-49
2020-03-25,AgeGroup_45-49
2020-03-25,AgeGroup_45-49
2020-03-25,AgeGroup_45-49
2020-03-25,AgeGroup_45-49
2020-03-25,AgeGroup_45-49
2020-03-25,AgeGroup_45-49
2020-03-25,AgeGroup_45-49
2020-03-25,AgeGroup_45-49
2020-03-25,AgeGroup_45-49
2020-03-25,AgeGroup_45-49
2020-03-25,AgeGroup_45-49
2020-03-25,AgeGroup_50-54
2020-03-25,AgeGroup_50-54
2020-03-25,AgeGroup_50-54
2020-03-25,AgeGroup_50-54
2020-03-25,AgeGroup_50-54
2020-03-25,AgeGroup_50-54
2020-03-25,AgeGroup_50-54
2020-03-25,AgeGroup_50-54
2020-03-25,AgeGroup_50-54
2020-03-25,AgeGroup_55-59
2020-03-25,AgeGroup_55-59
2020-03-25,AgeGroup_55-59
2020-03-25,AgeGroup_55-59
2020-03-25,AgeGroup_55-59
2020-03-25,AgeGroup_55-59
2020-03-25,AgeGroup_55-59
2020-03-25,AgeGroup_55-59
2020-03-25,AgeGroup_55-59
2020-03-25,AgeGroup_55-59
2020-03-25,AgeGroup_55-59
2020-03-25,AgeGroup_55-59
2020-03-25,AgeGroup_55-59
2020-03-25,AgeGroup_60-64
2020-03-25,AgeGroup_60-64
2020-03-25,AgeGroup_60-64
2020-03-25,AgeGroup_60-64
2020-03-25,AgeGroup_60-64
2020-03-25,AgeGroup_60-64
2020-03-25,AgeGroup_60-64
2020-03-25,AgeGroup_60-64
2020-03-25,AgeGroup_60-64
2020-03-25,AgeGroup_60-64
2020-03-25,AgeGroup_60-64
2020-03-25,AgeGroup_60-64
2020-03-25,AgeGroup_60-64
2020-03-25,AgeGroup_60-64
2020-03-25,AgeGroup_65-69
2020-03-25,AgeGroup_65-69
2020-03-25,AgeGroup_65-69
2020-03-25,AgeGroup_65-69
2020-03-25,AgeGroup_65-69
2020-03-25,AgeGroup_65-69
2020-03-25,AgeGroup_65-69
2020-03-25,AgeGroup_65-69
2020-03-25,AgeGroup_65-69
2020-03-25,AgeGroup_65-69
2020-03-25,AgeGroup_65-69
2020-03-25,AgeGroup_65-69
2020-03-25,AgeGroup_65-69
2020-03-25,AgeGroup_65-69
2020-03-25,AgeGroup_65-69
2020-03-25,AgeGroup_70+
2020-03-25,AgeGroup_70+
2020-03-25,AgeGroup_70+
2020-03-25,AgeGroup_70+
2020-03-25,AgeGroup_70+
2020-03-25,AgeGroup_70+
2020-03-25,AgeGroup_70+
2020-03-25,AgeGroup_70+
2020-03-25,AgeGroup_70+
2020-03-25,AgeGroup_70+
2020-03-25,AgeGroup_70+
2020-03-25,AgeGroup_70+
2020-03-25,AgeGroup_70+
2020-03-25,AgeGroup_70+
2020-03-25,AgeGroup_70+
2020-03-25,AgeGroup_70+
2020-03-25,AgeGroup_70+
2020-03-25,AgeGroup_70+
2020-03-25,AgeGroup_70+
2020-03-25,AgeGroup_70+
2020-03-25,AgeGroup_70+
2020-03-25,AgeGroup_70+
2020-03-25,AgeGroup_70+
2020-03-25,AgeGroup_70+
2020-03-25,AgeGroup_70+
2020-03-25,AgeGroup_70+
2020-03-25,AgeGroup_70+
2020-03-25,AgeGroup_70+
2020-03-25,AgeGroup_70+
2020-03-25,AgeGroup_5-9
2020-03-25,AgeGroup_70+
2020-03-25,AgeGroup_70+
2020-03-26,AgeGroup_0-4
2020-03-26,AgeGroup_10-14
2020-03-26,AgeGroup_15-19
2020-03-26,AgeGroup_15-19
2020-03-26,AgeGroup_0-4
2020-03-26,AgeGroup_20-24
2020-03-26,AgeGroup_20-24
2020-03-26,AgeGroup_20-24
2020-03-26,AgeGroup_20-24
2020-03-26,AgeGroup_20-24
2020-03-26,AgeGroup_20-24
2020-03-26,AgeGroup_20-24
2020-03-26,AgeGroup_20-24
2020-03-26,AgeGroup_20-24
2020-03-26,AgeGroup_20-24
2020-03-26,AgeGroup_20-24
2020-03-26,AgeGroup_20-24
2020-03-26,AgeGroup_20-24
2020-03-26,AgeGroup_20-24
2020-03-26,AgeGroup_20-24
2020-03-26,AgeGroup_20-24
2020-03-26,AgeGroup_20-24
2020-03-26,AgeGroup_20-24
2020-03-26,AgeGroup_20-24
2020-03-26,AgeGroup_20-24
2020-03-26,AgeGroup_20-24
2020-03-26,AgeGroup_20-24
2020-03-26,AgeGroup_20-24
2020-03-26,AgeGroup_20-24
2020-03-26,AgeGroup_20-24
2020-03-26,AgeGroup_20-24
2020-03-26,AgeGroup_20-24
2020-03-26,AgeGroup_20-24
2020-03-26,AgeGroup_20-24
2020-03-26,AgeGroup_20-24
2020-03-26,AgeGroup_20-24
2020-03-26,AgeGroup_25-29
2020-03-26,AgeGroup_25-29
2020-03-26,AgeGroup_25-29
2020-03-26,AgeGroup_25-29
2020-03-26,AgeGroup_25-29
2020-03-26,AgeGroup_25-29
2020-03-26,AgeGroup_25-29
2020-03-26,AgeGroup_25-29
2020-03-26,AgeGroup_25-29
2020-03-26,AgeGroup_25-29
2020-03-26,AgeGroup_25-29
2020-03-26,AgeGroup_25-29
2020-03-26,AgeGroup_25-29
2020-03-26,AgeGroup_25-29
2020-03-26,AgeGroup_25-29
2020-03-26,AgeGroup_25-29
2020-03-26,AgeGroup_25-29
2020-03-26,AgeGroup_25-29
2020-03-26,AgeGroup_25-29
2020-03-26,AgeGroup_25-29
2020-03-26,AgeGroup_25-29
2020-03-26,AgeGroup_25-29
2020-03-26,AgeGroup_25-29
2020-03-26,AgeGroup_30-34
2020-03-26,AgeGroup_30-34
2020-03-26,AgeGroup_30-34
2020-03-26,AgeGroup_30-34
2020-03-26,AgeGroup_30-34
2020-03-26,AgeGroup_30-34
2020-03-26,AgeGroup_30-34
2020-03-26,AgeGroup_30-34
2020-03-26,AgeGroup_30-34
2020-03-26,AgeGroup_30-34
2020-03-26,AgeGroup_30-34
2020-03-26,AgeGroup_30-34
2020-03-26,AgeGroup_30-34
2020-03-26,AgeGroup_30-34
2020-03-26,AgeGroup_30-34
2020-03-26,AgeGroup_30-34
2020-03-26,AgeGroup_30-34
2020-03-26,AgeGroup_30-34
2020-03-26,AgeGroup_30-34
2020-03-26,AgeGroup_30-34
2020-03-26,AgeGroup_30-34
2020-03-26,AgeGroup_30-34
2020-03-26,AgeGroup_30-34
2020-03-26,AgeGroup_30-34
2020-03-26,AgeGroup_30-34
2020-03-26,AgeGroup_35-39
2020-03-26,AgeGroup_35-39
2020-03-26,AgeGroup_35-39
2020-03-26,AgeGroup_35-39
2020-03-26,AgeGroup_35-39
2020-03-26,AgeGroup_35-39
2020-03-26,AgeGroup_40-44
2020-03-26,AgeGroup_40-44
2020-03-26,AgeGroup_40-44
2020-03-26,AgeGroup_40-44
2020-03-26,AgeGroup_40-44
2020-03-26,AgeGroup_45-49
2020-03-26,AgeGroup_45-49
2020-03-26,AgeGroup_45-49
2020-03-26,AgeGroup_45-49
2020-03-26,AgeGroup_45-49
2020-03-26,AgeGroup_45-49
2020-03-26,AgeGroup_45-49
2020-03-26,AgeGroup_45-49
2020-03-26,AgeGroup_45-49
2020-03-26,AgeGroup_45-49
2020-03-26,AgeGroup_45-49
2020-03-26,AgeGroup_45-49
2020-03-26,AgeGroup_50-54
2020-03-26,AgeGroup_50-54
2020-03-26,AgeGroup_50-54
2020-03-26,AgeGroup_50-54
2020-03-26,AgeGroup_50-54
2020-03-26,AgeGroup_50-54
2020-03-26,AgeGroup_50-54
2020-03-26,AgeGroup_50-54
2020-03-26,AgeGroup_50-54
2020-03-26,AgeGroup_50-54
2020-03-26,AgeGroup_50-54
2020-03-26,AgeGroup_55-59
2020-03-26,AgeGroup_55-59
2020-03-26,AgeGroup_55-59
2020-03-26,AgeGroup_55-59
2020-03-26,AgeGroup_55-59
2020-03-26,AgeGroup_55-59
2020-03-26,AgeGroup_55-59
2020-03-26,AgeGroup_55-59
2020-03-26,AgeGroup_55-59
2020-03-26,AgeGroup_55-59
2020-03-26,AgeGroup_55-59
2020-03-26,AgeGroup_55-59
2020-03-26,AgeGroup_55-59
2020-03-26,AgeGroup_55-59
2020-03-26,AgeGroup_55-59
2020-03-26,AgeGroup_55-59
2020-03-26,AgeGroup_60-64
2020-03-26,AgeGroup_60-64
2020-03-26,AgeGroup_60-64
2020-03-26,AgeGroup_60-64
2020-03-26,AgeGroup_60-64
2020-03-26,AgeGroup_60-64
2020-03-26,AgeGroup_60-64
2020-03-26,AgeGroup_60-64
2020-03-26,AgeGroup_60-64
2020-03-26,AgeGroup_60-64
2020-03-26,AgeGroup_60-64
2020-03-26,AgeGroup_60-64
2020-03-26,AgeGroup_60-64
2020-03-26,AgeGroup_60-64
2020-03-26,AgeGroup_60-64
2020-03-26,AgeGroup_60-64
2020-03-26,AgeGroup_60-64
2020-03-26,AgeGroup_60-64
2020-03-26,AgeGroup_60-64
2020-03-26,AgeGroup_60-64
2020-03-26,AgeGroup_60-64
2020-03-26,AgeGroup_60-64
2020-03-26,AgeGroup_60-64
2020-03-26,AgeGroup_60-64
2020-03-26,AgeGroup_65-69
2020-03-26,AgeGroup_65-69
2020-03-26,AgeGroup_65-69
2020-03-26,AgeGroup_65-69
2020-03-26,AgeGroup_65-69
2020-03-26,AgeGroup_65-69
2020-03-26,AgeGroup_65-69
2020-03-26,AgeGroup_65-69
2020-03-26,AgeGroup_65-69
2020-03-26,AgeGroup_65-69
2020-03-26,AgeGroup_65-69
2020-03-26,AgeGroup_65-69
2020-03-26,AgeGroup_65-69
2020-03-26,AgeGroup_65-69
2020-03-26,AgeGroup_65-69
2020-03-26,AgeGroup_65-69
2020-03-26,AgeGroup_70+
2020-03-26,AgeGroup_70+
2020-03-26,AgeGroup_70+
2020-03-26,AgeGroup_70+
2020-03-26,AgeGroup_70+
2020-03-26,AgeGroup_70+
2020-03-26,AgeGroup_70+
2020-03-26,AgeGroup_70+
2020-03-26,AgeGroup_70+
2020-03-26,AgeGroup_70+
2020-03-26,AgeGroup_70+
2020-03-26,AgeGroup_70+
2020-03-26,AgeGroup_70+
2020-03-26,AgeGroup_70+
2020-03-26,AgeGroup_70+
2020-03-26,AgeGroup_70+
2020-03-26,AgeGroup_70+
2020-03-26,AgeGroup_70+
2020-03-26,AgeGroup_70+
2020-03-26,AgeGroup_70+
2020-03-26,AgeGroup_70+
2020-03-26,AgeGroup_70+
2020-03-26,AgeGroup_70+
2020-03-26,AgeGroup_70+
2020-03-26,AgeGroup_70+
2020-03-27,AgeGroup_0-4
2020-03-27,AgeGroup_0-4
2020-03-27,AgeGroup_10-14
2020-03-27,AgeGroup_10-14
2020-03-27,AgeGroup_10-14
2020-03-27,AgeGroup_15-19
2020-03-27,AgeGroup_15-19
2020-03-27,AgeGroup_15-19
2020-03-27,AgeGroup_15-19
2020-03-27,AgeGroup_15-19
2020-03-27,AgeGroup_15-19
2020-03-27,AgeGroup_15-19
2020-03-27,AgeGroup_0-4
2020-03-27,AgeGroup_20-24
2020-03-27,AgeGroup_20-24
2020-03-27,AgeGroup_20-24
2020-03-27,AgeGroup_20-24
2020-03-27,AgeGroup_20-24
2020-03-27,AgeGroup_20-24
2020-03-27,AgeGroup_20-24
2020-03-27,AgeGroup_20-24
2020-03-27,AgeGroup_20-24
2020-03-27,AgeGroup_20-24
2020-03-27,AgeGroup_20-24
2020-03-27,AgeGroup_20-24
2020-03-27,AgeGroup_20-24
2020-03-27,AgeGroup_20-24
2020-03-27,AgeGroup_20-24
2020-03-27,AgeGroup_20-24
2020-03-27,AgeGroup_20-24
2020-03-27,AgeGroup_25-29
2020-03-27,AgeGroup_25-29
2020-03-27,AgeGroup_25-29
2020-03-27,AgeGroup_25-29
2020-03-27,AgeGroup_25-29
2020-03-27,AgeGroup_25-29
2020-03-27,AgeGroup_25-29
2020-03-27,AgeGroup_25-29
2020-03-27,AgeGroup_25-29
2020-03-27,AgeGroup_25-29
2020-03-27,AgeGroup_25-29
2020-03-27,AgeGroup_25-29
2020-03-27,AgeGroup_25-29
2020-03-27,AgeGroup_25-29
2020-03-27,AgeGroup_25-29
2020-03-27,AgeGroup_25-29
2020-03-27,AgeGroup_25-29
2020-03-27,AgeGroup_25-29
2020-03-27,AgeGroup_30-34
2020-03-27,AgeGroup_30-34
2020-03-27,AgeGroup_30-34
2020-03-27,AgeGroup_30-34
2020-03-27,AgeGroup_30-34
2020-03-27,AgeGroup_30-34
2020-03-27,AgeGroup_30-34
2020-03-27,AgeGroup_30-34
2020-03-27,AgeGroup_30-34
2020-03-27,AgeGroup_30-34
2020-03-27,AgeGroup_30-34
2020-03-27,AgeGroup_30-34
2020-03-27,AgeGroup_30-34
2020-03-27,AgeGroup_30-34
2020-03-27,AgeGroup_30-34
2020-03-27,AgeGroup_30-34
2020-03-27,AgeGroup_30-34
2020-03-27,AgeGroup_30-34
2020-03-27,AgeGroup_30-34
2020-03-27,AgeGroup_30-34
2020-03-27,AgeGroup_35-39
2020-03-27,AgeGroup_35-39
2020-03-27,AgeGroup_35-39
2020-03-27,AgeGroup_35-39
2020-03-27,AgeGroup_35-39
2020-03-27,AgeGroup_35-39
2020-03-27,AgeGroup_35-39
2020-03-27,AgeGroup_35-39
2020-03-27,AgeGroup_35-39
2020-03-27,AgeGroup_35-39
2020-03-27,AgeGroup_35-39
2020-03-27,AgeGroup_40-44
2020-03-27,AgeGroup_40-44
2020-03-27,AgeGroup_40-44
2020-03-27,AgeGroup_40-44
2020-03-27,AgeGroup_45-49
2020-03-27,AgeGroup_45-49
2020-03-27,AgeGroup_45-49
2020-03-27,AgeGroup_45-49
2020-03-27,AgeGroup_45-49
2020-03-27,AgeGroup_45-49
2020-03-27,AgeGroup_45-49
2020-03-27,AgeGroup_45-49
2020-03-27,AgeGroup_45-49
2020-03-27,AgeGroup_45-49
2020-03-27,AgeGroup_45-49
2020-03-27,AgeGroup_45-49
2020-03-27,AgeGroup_45-49
2020-03-27,AgeGroup_45-49
2020-03-27,AgeGroup_45-49
2020-03-27,AgeGroup_50-54
2020-03-27,AgeGroup_50-54
2020-03-27,AgeGroup_50-54
2020-03-27,AgeGroup_50-54
2020-03-27,AgeGroup_50-54
2020-03-27,AgeGroup_50-54
2020-03-27,AgeGroup_50-54
2020-03-27,AgeGroup_50-54
2020-03-27,AgeGroup_50-54
2020-03-27,AgeGroup_50-54
2020-03-27,AgeGroup_50-54
2020-03-27,AgeGroup_50-54
2020-03-27,AgeGroup_50-54
2020-03-27,AgeGroup_50-54
2020-03-27,AgeGroup_50-54
2020-03-27,AgeGroup_50-54
2020-03-27,AgeGroup_50-54
2020-03-27,AgeGroup_50-54
2020-03-27,AgeGroup_55-59
2020-03-27,AgeGroup_55-59
2020-03-27,AgeGroup_55-59
2020-03-27,AgeGroup_55-59
2020-03-27,AgeGroup_55-59
2020-03-27,AgeGroup_55-59
2020-03-27,AgeGroup_55-59
2020-03-27,AgeGroup_55-59
2020-03-27,AgeGroup_55-59
2020-03-27,AgeGroup_5-9
2020-03-27,AgeGroup_60-64
2020-03-27,AgeGroup_60-64
2020-03-27,AgeGroup_60-64
2020-03-27,AgeGroup_60-64
2020-03-27,AgeGroup_60-64
2020-03-27,AgeGroup_60-64
2020-03-27,AgeGroup_60-64
2020-03-27,AgeGroup_60-64
2020-03-27,AgeGroup_60-64
2020-03-27,AgeGroup_60-64
2020-03-27,AgeGroup_60-64
2020-03-27,AgeGroup_60-64
2020-03-27,AgeGroup_60-64
2020-03-27,AgeGroup_65-69
2020-03-27,AgeGroup_65-69
2020-03-27,AgeGroup_65-69
2020-03-27,AgeGroup_65-69
2020-03-27,AgeGroup_65-69
2020-03-27,AgeGroup_65-69
2020-03-27,AgeGroup_65-69
2020-03-27,AgeGroup_65-69
2020-03-27,AgeGroup_65-69
2020-03-27,AgeGroup_65-69
2020-03-27,AgeGroup_65-69
2020-03-27,AgeGroup_70+
2020-03-27,AgeGroup_70+
2020-03-27,AgeGroup_70+
2020-03-27,AgeGroup_70+
2020-03-27,AgeGroup_70+
2020-03-27,AgeGroup_70+
2020-03-27,AgeGroup_70+
2020-03-27,AgeGroup_70+
2020-03-27,AgeGroup_70+
2020-03-27,AgeGroup_70+
2020-03-27,AgeGroup_70+
2020-03-27,AgeGroup_70+
2020-03-27,AgeGroup_70+
2020-03-27,AgeGroup_70+
2020-03-27,AgeGroup_70+
2020-03-27,AgeGroup_70+
2020-03-27,AgeGroup_70+
2020-03-27,AgeGroup_70+
2020-03-27,AgeGroup_70+
2020-03-27,AgeGroup_70+
2020-03-27,AgeGroup_70+
2020-03-27,AgeGroup_70+
2020-03-27,AgeGroup_70+
2020-03-27,AgeGroup_70+
2020-03-27,AgeGroup_70+
2020-03-27,AgeGroup_70+
2020-03-27,AgeGroup_70+
2020-03-27,AgeGroup_70+
2020-03-27,AgeGroup_70+
2020-03-27,AgeGroup_70+
2020-03-27,AgeGroup_5-9
2020-03-27,AgeGroup_70+
2020-03-27,AgeGroup_70+
2020-03-27,AgeGroup_70+
2020-03-27,AgeGroup_70+
2020-03-27,AgeGroup_70+
2020-03-27,AgeGroup_70+
2020-03-27,AgeGroup_70+
2020-03-28,AgeGroup_10-14
2020-03-28,AgeGroup_10-14
2020-03-28,AgeGroup_15-19
2020-03-28,AgeGroup_15-19
2020-03-28,AgeGroup_15-19
2020-03-28,AgeGroup_20-24
2020-03-28,AgeGroup_20-24
2020-03-28,AgeGroup_20-24
2020-03-28,AgeGroup_20-24
2020-03-28,AgeGroup_20-24
2020-03-28,AgeGroup_20-24
2020-03-28,AgeGroup_20-24
2020-03-28,AgeGroup_20-24
2020-03-28,AgeGroup_20-24
2020-03-28,AgeGroup_20-24
2020-03-28,AgeGroup_20-24
2020-03-28,AgeGroup_20-24
2020-03-28,AgeGroup_20-24
2020-03-28,AgeGroup_20-24
2020-03-28,AgeGroup_20-24
2020-03-28,AgeGroup_20-24
2020-03-28,AgeGroup_20-24
2020-03-28,AgeGroup_20-24
2020-03-28,AgeGroup_20-24
2020-03-28,AgeGroup_20-24
2020-03-28,AgeGroup_20-24
2020-03-28,AgeGroup_25-29
2020-03-28,AgeGroup_25-29
2020-03-28,AgeGroup_25-29
2020-03-28,AgeGroup_25-29
2020-03-28,AgeGroup_25-29
2020-03-28,AgeGroup_25-29
2020-03-28,AgeGroup_25-29
2020-03-28,AgeGroup_25-29
2020-03-28,AgeGroup_25-29
2020-03-28,AgeGroup_25-29
2020-03-28,AgeGroup_25-29
2020-03-28,AgeGroup_25-29
2020-03-28,AgeGroup_25-29
2020-03-28,AgeGroup_25-29
2020-03-28,AgeGroup_25-29
2020-03-28,AgeGroup_25-29
2020-03-28,AgeGroup_25-29
2020-03-28,AgeGroup_0-4
2020-03-28,AgeGroup_30-34
2020-03-28,AgeGroup_30-34
2020-03-28,AgeGroup_30-34
2020-03-28,AgeGroup_30-34
2020-03-28,AgeGroup_30-34
2020-03-28,AgeGroup_30-34
2020-03-28,AgeGroup_30-34
2020-03-28,AgeGroup_30-34
2020-03-28,AgeGroup_30-34
2020-03-28,AgeGroup_30-34
2020-03-28,AgeGroup_35-39
2020-03-28,AgeGroup_35-39
2020-03-28,AgeGroup_35-39
2020-03-28,AgeGroup_35-39
2020-03-28,AgeGroup_35-39
2020-03-28,AgeGroup_35-39
2020-03-28,AgeGroup_0-4
2020-03-28,AgeGroup_40-44
2020-03-28,AgeGroup_40-44
2020-03-28,AgeGroup_40-44
2020-03-28,AgeGroup_45-49
2020-03-28,AgeGroup_45-49
2020-03-28,AgeGroup_45-49
2020-03-28,AgeGroup_45-49
2020-03-28,AgeGroup_45-49
2020-03-28,AgeGroup_45-49
2020-03-28,AgeGroup_50-54
2020-03-28,AgeGroup_50-54
2020-03-28,AgeGroup_50-54
2020-03-28,AgeGroup_50-54
2020-03-28,AgeGroup_50-54
2020-03-28,AgeGroup_50-54
2020-03-28,AgeGroup_50-54
2020-03-28,AgeGroup_50-54
2020-03-28,AgeGroup_50-54
2020-03-28,AgeGroup_50-54
2020-03-28,AgeGroup_50-54
2020-03-28,AgeGroup_50-54
2020-03-28,AgeGroup_50-54
2020-03-28,AgeGroup_50-54
2020-03-28,AgeGroup_50-54
2020-03-28,AgeGroup_55-59
2020-03-28,AgeGroup_55-59
2020-03-28,AgeGroup_55-59
2020-03-28,AgeGroup_55-59
2020-03-28,AgeGroup_55-59
2020-03-28,AgeGroup_55-59
2020-03-28,AgeGroup_55-59
2020-03-28,AgeGroup_55-59
2020-03-28,AgeGroup_55-59
2020-03-28,AgeGroup_55-59
2020-03-28,AgeGroup_55-59
2020-03-28,AgeGroup_60-64
2020-03-28,AgeGroup_60-64
2020-03-28,AgeGroup_60-64
2020-03-28,AgeGroup_60-64
2020-03-28,AgeGroup_60-64
2020-03-28,AgeGroup_60-64
2020-03-28,AgeGroup_60-64
2020-03-28,AgeGroup_60-64
2020-03-28,AgeGroup_65-69
2020-03-28,AgeGroup_65-69
2020-03-28,AgeGroup_65-69
2020-03-28,AgeGroup_65-69
2020-03-28,AgeGroup_65-69
2020-03-28,AgeGroup_65-69
2020-03-28,AgeGroup_65-69
2020-03-28,AgeGroup_5-9
2020-03-28,AgeGroup_70+
2020-03-28,AgeGroup_70+
2020-03-28,AgeGroup_70+
2020-03-28,AgeGroup_70+
2020-03-28,AgeGroup_70+
2020-03-28,AgeGroup_70+
2020-03-28,AgeGroup_70+
2020-03-28,AgeGroup_5-9
2020-03-28,AgeGroup_70+
2020-03-28,AgeGroup_70+
2020-03-29,AgeGroup_10-14
2020-03-29,AgeGroup_15-19
2020-03-29,AgeGroup_15-19
2020-03-29,AgeGroup_15-19
2020-03-29,AgeGroup_15-19
2020-03-29,AgeGroup_0-4
2020-03-29,AgeGroup_0-4
2020-03-29,AgeGroup_20-24
2020-03-29,AgeGroup_20-24
2020-03-29,AgeGroup_20-24
2020-03-29,AgeGroup_20-24
2020-03-29,AgeGroup_20-24
2020-03-29,AgeGroup_20-24
2020-03-29,AgeGroup_20-24
2020-03-29,AgeGroup_20-24
2020-03-29,AgeGroup_20-24
2020-03-29,AgeGroup_20-24
2020-03-29,AgeGroup_20-24
2020-03-29,AgeGroup_25-29
2020-03-29,AgeGroup_25-29
2020-03-29,AgeGroup_25-29
2020-03-29,AgeGroup_25-29
2020-03-29,AgeGroup_25-29
2020-03-29,AgeGroup_25-29
2020-03-29,AgeGroup_25-29
2020-03-29,AgeGroup_25-29
2020-03-29,AgeGroup_25-29
2020-03-29,AgeGroup_25-29
2020-03-29,AgeGroup_25-29
2020-03-29,AgeGroup_25-29
2020-03-29,AgeGroup_25-29
2020-03-29,AgeGroup_25-29
2020-03-29,AgeGroup_25-29
2020-03-29,AgeGroup_25-29
2020-03-29,AgeGroup_30-34
2020-03-29,AgeGroup_30-34
2020-03-29,AgeGroup_30-34
2020-03-29,AgeGroup_30-34
2020-03-29,AgeGroup_30-34
2020-03-29,AgeGroup_30-34
2020-03-29,AgeGroup_30-34
2020-03-29,AgeGroup_30-34
2020-03-29,AgeGroup_30-34
2020-03-29,AgeGroup_30-34
2020-03-29,AgeGroup_30-34
2020-03-29,AgeGroup_30-34
2020-03-29,AgeGroup_35-39
2020-03-29,AgeGroup_35-39
2020-03-29,AgeGroup_35-39
2020-03-29,AgeGroup_35-39
2020-03-29,AgeGroup_35-39
2020-03-29,AgeGroup_35-39
2020-03-29,AgeGroup_35-39
2020-03-29,AgeGroup_40-44
2020-03-29,AgeGroup_40-44
2020-03-29,AgeGroup_40-44
2020-03-29,AgeGroup_40-44
2020-03-29,AgeGroup_40-44
2020-03-29,AgeGroup_40-44
2020-03-29,AgeGroup_40-44
2020-03-29,AgeGroup_40-44
2020-03-29,AgeGroup_45-49
2020-03-29,AgeGroup_45-49
2020-03-29,AgeGroup_45-49
2020-03-29,AgeGroup_45-49
2020-03-29,AgeGroup_45-49
2020-03-29,AgeGroup_45-49
2020-03-29,AgeGroup_45-49
2020-03-29,AgeGroup_45-49
2020-03-29,AgeGroup_50-54
2020-03-29,AgeGroup_50-54
2020-03-29,AgeGroup_50-54
2020-03-29,AgeGroup_50-54
2020-03-29,AgeGroup_50-54
2020-03-29,AgeGroup_50-54
2020-03-29,AgeGroup_50-54
2020-03-29,AgeGroup_50-54
2020-03-29,AgeGroup_50-54
2020-03-29,AgeGroup_50-54
2020-03-29,AgeGroup_50-54
2020-03-29,AgeGroup_50-54
2020-03-29,AgeGroup_55-59
2020-03-29,AgeGroup_55-59
2020-03-29,AgeGroup_55-59
2020-03-29,AgeGroup_55-59
2020-03-29,AgeGroup_60-64
2020-03-29,AgeGroup_60-64
2020-03-29,AgeGroup_60-64
2020-03-29,AgeGroup_60-64
2020-03-29,AgeGroup_60-64
2020-03-29,AgeGroup_60-64
2020-03-29,AgeGroup_60-64
2020-03-29,AgeGroup_60-64
2020-03-29,AgeGroup_60-64
2020-03-29,AgeGroup_60-64
2020-03-29,AgeGroup_65-69
2020-03-29,AgeGroup_65-69
2020-03-29,AgeGroup_65-69
2020-03-29,AgeGroup_65-69
2020-03-29,AgeGroup_65-69
2020-03-29,AgeGroup_65-69
2020-03-29,AgeGroup_65-69
2020-03-29,AgeGroup_65-69
2020-03-29,AgeGroup_70+
2020-03-29,AgeGroup_70+
2020-03-29,AgeGroup_70+
2020-03-29,AgeGroup_70+
2020-03-29,AgeGroup_70+
2020-03-29,AgeGroup_70+
2020-03-29,AgeGroup_70+
2020-03-29,AgeGroup_70+
2020-03-29,AgeGroup_70+
2020-03-29,AgeGroup_70+
2020-03-29,AgeGroup_70+
2020-03-29,AgeGroup_70+
2020-03-29,AgeGroup_70+
2020-03-29,AgeGroup_70+
2020-03-29,AgeGroup_70+
2020-03-30,AgeGroup_10-14
2020-03-30,AgeGroup_15-19
2020-03-30,AgeGroup_20-24
2020-03-30,AgeGroup_20-24
2020-03-30,AgeGroup_20-24
2020-03-30,AgeGroup_20-24
2020-03-30,AgeGroup_20-24
2020-03-30,AgeGroup_20-24
2020-03-30,AgeGroup_20-24
2020-03-30,AgeGroup_20-24
2020-03-30,AgeGroup_25-29
2020-03-30,AgeGroup_25-29
2020-03-30,AgeGroup_25-29
2020-03-30,AgeGroup_25-29
2020-03-30,AgeGroup_25-29
2020-03-30,AgeGroup_25-29
2020-03-30,AgeGroup_25-29
2020-03-30,AgeGroup_25-29
2020-03-30,AgeGroup_25-29
2020-03-30,AgeGroup_25-29
2020-03-30,AgeGroup_25-29
2020-03-30,AgeGroup_25-29
2020-03-30,AgeGroup_25-29
2020-03-30,AgeGroup_30-34
2020-03-30,AgeGroup_30-34
2020-03-30,AgeGroup_30-34
2020-03-30,AgeGroup_30-34
2020-03-30,AgeGroup_35-39
2020-03-30,AgeGroup_35-39
2020-03-30,AgeGroup_35-39
2020-03-30,AgeGroup_35-39
2020-03-30,AgeGroup_35-39
2020-03-30,AgeGroup_35-39
2020-03-30,AgeGroup_35-39
2020-03-30,AgeGroup_35-39
2020-03-30,AgeGroup_40-44
2020-03-30,AgeGroup_40-44
2020-03-30,AgeGroup_40-44
2020-03-30,AgeGroup_40-44
2020-03-30,AgeGroup_40-44
2020-03-30,AgeGroup_40-44
2020-03-30,AgeGroup_45-49
2020-03-30,AgeGroup_45-49
2020-03-30,AgeGroup_45-49
2020-03-30,AgeGroup_45-49
2020-03-30,AgeGroup_45-49
2020-03-30,AgeGroup_45-49
2020-03-30,AgeGroup_50-54
2020-03-30,AgeGroup_50-54
2020-03-30,AgeGroup_50-54
2020-03-30,AgeGroup_50-54
2020-03-30,AgeGroup_50-54
2020-03-30,AgeGroup_50-54
2020-03-30,AgeGroup_55-59
2020-03-30,AgeGroup_55-59
2020-03-30,AgeGroup_60-64
2020-03-30,AgeGroup_60-64
2020-03-30,AgeGroup_60-64
2020-03-30,AgeGroup_65-69
2020-03-30,AgeGroup_65-69
2020-03-30,AgeGroup_65-69
2020-03-30,AgeGroup_70+
2020-03-30,AgeGroup_70+
2020-03-30,AgeGroup_70+
2020-03-30,AgeGroup_70+
2020-03-30,AgeGroup_70+
2020-03-30,AgeGroup_70+
2020-03-30,AgeGroup_70+
2020-03-30,AgeGroup_70+
2020-03-30,AgeGroup_70+
2020-03-30,AgeGroup_70+
2020-03-30,AgeGroup_70+
2020-03-30,AgeGroup_70+
2020-03-30,AgeGroup_70+
2020-03-30,AgeGroup_70+
2020-03-30,AgeGroup_70+
2020-03-30,AgeGroup_70+
2020-03-30,AgeGroup_70+
2020-03-31,AgeGroup_10-14
2020-03-31,AgeGroup_10-14
2020-03-31,AgeGroup_10-14
2020-03-31,AgeGroup_10-14
2020-03-31,AgeGroup_15-19
2020-03-31,AgeGroup_15-19
2020-03-31,AgeGroup_15-19
2020-03-31,AgeGroup_15-19
2020-03-31,AgeGroup_15-19
2020-03-31,AgeGroup_15-19
2020-03-31,AgeGroup_15-19
2020-03-31,AgeGroup_20-24
2020-03-31,AgeGroup_20-24
2020-03-31,AgeGroup_20-24
2020-03-31,AgeGroup_20-24
2020-03-31,AgeGroup_20-24
2020-03-31,AgeGroup_20-24
2020-03-31,AgeGroup_20-24
2020-03-31,AgeGroup_20-24
2020-03-31,AgeGroup_20-24
2020-03-31,AgeGroup_20-24
2020-03-31,AgeGroup_20-24
2020-03-31,AgeGroup_20-24
2020-03-31,AgeGroup_20-24
2020-03-31,AgeGroup_20-24
2020-03-31,AgeGroup_20-24
2020-03-31,AgeGroup_20-24
2020-03-31,AgeGroup_20-24
2020-03-31,AgeGroup_20-24
2020-03-31,AgeGroup_25-29
2020-03-31,AgeGroup_25-29
2020-03-31,AgeGroup_25-29
2020-03-31,AgeGroup_25-29
2020-03-31,AgeGroup_25-29
2020-03-31,AgeGroup_25-29
2020-03-31,AgeGroup_25-29
2020-03-31,AgeGroup_25-29
2020-03-31,AgeGroup_25-29
2020-03-31,AgeGroup_25-29
2020-03-31,AgeGroup_25-29
2020-03-31,AgeGroup_25-29
2020-03-31,AgeGroup_25-29
2020-03-31,AgeGroup_25-29
2020-03-31,AgeGroup_25-29
2020-03-31,AgeGroup_25-29
2020-03-31,AgeGroup_25-29
2020-03-31,AgeGroup_25-29
2020-03-31,AgeGroup_25-29
2020-03-31,AgeGroup_25-29
2020-03-31,AgeGroup_30-34
2020-03-31,AgeGroup_30-34
2020-03-31,AgeGroup_30-34
2020-03-31,AgeGroup_30-34
2020-03-31,AgeGroup_30-34
2020-03-31,AgeGroup_30-34
2020-03-31,AgeGroup_30-34
2020-03-31,AgeGroup_30-34
2020-03-31,AgeGroup_35-39
2020-03-31,AgeGroup_35-39
2020-03-31,AgeGroup_35-39
2020-03-31,AgeGroup_35-39
2020-03-31,AgeGroup_35-39
2020-03-31,AgeGroup_35-39
2020-03-31,AgeGroup_35-39
2020-03-31,AgeGroup_35-39
2020-03-31,AgeGroup_0-4
2020-03-31,AgeGroup_40-44
2020-03-31,AgeGroup_40-44
2020-03-31,AgeGroup_40-44
2020-03-31,AgeGroup_40-44
2020-03-31,AgeGroup_40-44
2020-03-31,AgeGroup_40-44
2020-03-31,AgeGroup_40-44
2020-03-31,AgeGroup_45-49
2020-03-31,AgeGroup_45-49
2020-03-31,AgeGroup_45-49
2020-03-31,AgeGroup_45-49
2020-03-31,AgeGroup_45-49
2020-03-31,AgeGroup_45-49
2020-03-31,AgeGroup_50-54
2020-03-31,AgeGroup_50-54
2020-03-31,AgeGroup_50-54
2020-03-31,AgeGroup_50-54
2020-03-31,AgeGroup_50-54
2020-03-31,AgeGroup_50-54
2020-03-31,AgeGroup_50-54
2020-03-31,AgeGroup_50-54
2020-03-31,AgeGroup_50-54
2020-03-31,AgeGroup_50-54
2020-03-31,AgeGroup_55-59
2020-03-31,AgeGroup_55-59
2020-03-31,AgeGroup_55-59
2020-03-31,AgeGroup_55-59
2020-03-31,AgeGroup_55-59
2020-03-31,AgeGroup_55-59
2020-03-31,AgeGroup_55-59
2020-03-31,AgeGroup_55-59
2020-03-31,AgeGroup_55-59
2020-03-31,AgeGroup_55-59
2020-03-31,AgeGroup_55-59
2020-03-31,AgeGroup_60-64
2020-03-31,AgeGroup_60-64
2020-03-31,AgeGroup_60-64
2020-03-31,AgeGroup_60-64
2020-03-31,AgeGroup_60-64
2020-03-31,AgeGroup_60-64
2020-03-31,AgeGroup_60-64
2020-03-31,AgeGroup_65-69
2020-03-31,AgeGroup_65-69
2020-03-31,AgeGroup_65-69
2020-03-31,AgeGroup_70+
2020-03-31,AgeGroup_70+
2020-03-31,AgeGroup_70+
2020-03-31,AgeGroup_70+
2020-03-31,AgeGroup_70+
2020-03-31,AgeGroup_70+
2020-03-31,AgeGroup_70+
2020-03-31,AgeGroup_70+
2020-03-31,AgeGroup_70+
2020-03-31,AgeGroup_70+
2020-03-31,AgeGroup_70+
2020-03-31,AgeGroup_70+
2020-03-31,AgeGroup_70+
2020-04-01,AgeGroup_10-14
2020-04-01,AgeGroup_15-19
2020-04-01,AgeGroup_15-19
2020-04-01,AgeGroup_15-19
2020-04-01,AgeGroup_15-19
2020-04-01,AgeGroup_20-24
2020-04-01,AgeGroup_20-24
2020-04-01,AgeGroup_20-24
2020-04-01,AgeGroup_20-24
2020-04-01,AgeGroup_20-24
2020-04-01,AgeGroup_20-24
2020-04-01,AgeGroup_20-24
2020-04-01,AgeGroup_20-24
2020-04-01,AgeGroup_20-24
2020-04-01,AgeGroup_25-29
2020-04-01,AgeGroup_25-29
2020-04-01,AgeGroup_25-29
2020-04-01,AgeGroup_25-29
2020-04-01,AgeGroup_25-29
2020-04-01,AgeGroup_25-29
2020-04-01,AgeGroup_25-29
2020-04-01,AgeGroup_25-29
2020-04-01,AgeGroup_25-29
2020-04-01,AgeGroup_25-29
2020-04-01,AgeGroup_25-29
2020-04-01,AgeGroup_25-29
2020-04-01,AgeGroup_25-29
2020-04-01,AgeGroup_25-29
2020-04-01,AgeGroup_25-29
2020-04-01,AgeGroup_25-29
2020-04-01,AgeGroup_25-29
2020-04-01,AgeGroup_30-34
2020-04-01,AgeGroup_30-34
2020-04-01,AgeGroup_30-34
2020-04-01,AgeGroup_30-34
2020-04-01,AgeGroup_30-34
2020-04-01,AgeGroup_30-34
2020-04-01,AgeGroup_30-34
2020-04-01,AgeGroup_30-34
2020-04-01,AgeGroup_30-34
2020-04-01,AgeGroup_30-34
2020-04-01,AgeGroup_30-34
2020-04-01,AgeGroup_30-34
2020-04-01,AgeGroup_30-34
2020-04-01,AgeGroup_30-34
2020-04-01,AgeGroup_30-34
2020-04-01,AgeGroup_30-34
2020-04-01,AgeGroup_30-34
2020-04-01,AgeGroup_30-34
2020-04-01,AgeGroup_30-34
2020-04-01,AgeGroup_35-39
2020-04-01,AgeGroup_35-39
2020-04-01,AgeGroup_35-39
2020-04-01,AgeGroup_35-39
2020-04-01,AgeGroup_35-39
2020-04-01,AgeGroup_35-39
2020-04-01,AgeGroup_35-39
2020-04-01,AgeGroup_40-44
2020-04-01,AgeGroup_40-44
2020-04-01,AgeGroup_40-44
2020-04-01,AgeGroup_40-44
2020-04-01,AgeGroup_40-44
2020-04-01,AgeGroup_45-49
2020-04-01,AgeGroup_45-49
2020-04-01,AgeGroup_45-49
2020-04-01,AgeGroup_45-49
2020-04-01,AgeGroup_45-49
2020-04-01,AgeGroup_45-49
2020-04-01,AgeGroup_45-49
2020-04-01,AgeGroup_45-49
2020-04-01,AgeGroup_45-49
2020-04-01,AgeGroup_50-54
2020-04-01,AgeGroup_50-54
2020-04-01,AgeGroup_50-54
2020-04-01,AgeGroup_50-54
2020-04-01,AgeGroup_50-54
2020-04-01,AgeGroup_50-54
2020-04-01,AgeGroup_50-54
2020-04-01,AgeGroup_50-54
2020-04-01,AgeGroup_55-59
2020-04-01,AgeGroup_55-59
2020-04-01,AgeGroup_55-59
2020-04-01,AgeGroup_55-59
2020-04-01,AgeGroup_55-59
2020-04-01,AgeGroup_55-59
2020-04-01,AgeGroup_60-64
2020-04-01,AgeGroup_60-64
2020-04-01,AgeGroup_60-64
2020-04-01,AgeGroup_60-64
2020-04-01,AgeGroup_60-64
2020-04-01,AgeGroup_60-64
2020-04-01,AgeGroup_60-64
2020-04-01,AgeGroup_60-64
2020-04-01,AgeGroup_60-64
2020-04-01,AgeGroup_60-64
2020-04-01,AgeGroup_60-64
2020-04-01,AgeGroup_60-64
2020-04-01,AgeGroup_60-64
2020-04-01,AgeGroup_60-64
2020-04-01,AgeGroup_65-69
2020-04-01,AgeGroup_65-69
2020-04-01,AgeGroup_65-69
2020-04-01,AgeGroup_65-69
2020-04-01,AgeGroup_65-69
2020-04-01,AgeGroup_70+
2020-04-01,AgeGroup_70+
2020-04-01,AgeGroup_70+
2020-04-01,AgeGroup_70+
2020-04-01,AgeGroup_70+
2020-04-01,AgeGroup_70+
2020-04-01,AgeGroup_70+
2020-04-01,AgeGroup_70+
2020-04-01,AgeGroup_70+
2020-04-01,AgeGroup_70+
2020-04-01,AgeGroup_70+
2020-04-02,AgeGroup_10-14
2020-04-02,AgeGroup_15-19
2020-04-02,AgeGroup_20-24
2020-04-02,AgeGroup_20-24
2020-04-02,AgeGroup_20-24
2020-04-02,AgeGroup_20-24
2020-04-02,AgeGroup_20-24
2020-04-02,AgeGroup_20-24
2020-04-02,AgeGroup_20-24
2020-04-02,AgeGroup_20-24
2020-04-02,AgeGroup_20-24
2020-04-02,AgeGroup_20-24
2020-04-02,AgeGroup_20-24
2020-04-02,AgeGroup_25-29
2020-04-02,AgeGroup_25-29
2020-04-02,AgeGroup_25-29
2020-04-02,AgeGroup_25-29
2020-04-02,AgeGroup_25-29
2020-04-02,AgeGroup_25-29
2020-04-02,AgeGroup_25-29
2020-04-02,AgeGroup_25-29
2020-04-02,AgeGroup_25-29
2020-04-02,AgeGroup_25-29
2020-04-02,AgeGroup_25-29
2020-04-02,AgeGroup_25-29
2020-04-02,AgeGroup_25-29
2020-04-02,AgeGroup_25-29
2020-04-02,AgeGroup_30-34
2020-04-02,AgeGroup_30-34
2020-04-02,AgeGroup_30-34
2020-04-02,AgeGroup_30-34
2020-04-02,AgeGroup_30-34
2020-04-02,AgeGroup_30-34
2020-04-02,AgeGroup_30-34
2020-04-02,AgeGroup_30-34
2020-04-02,AgeGroup_30-34
2020-04-02,AgeGroup_35-39
2020-04-02,AgeGroup_35-39
2020-04-02,AgeGroup_35-39
2020-04-02,AgeGroup_35-39
2020-04-02,AgeGroup_35-39
2020-04-02,AgeGroup_35-39
2020-04-02,AgeGroup_35-39
2020-04-02,AgeGroup_40-44
2020-04-02,AgeGroup_40-44
2020-04-02,AgeGroup_40-44
2020-04-02,AgeGroup_40-44
2020-04-02,AgeGroup_40-44
2020-04-02,AgeGroup_45-49
2020-04-02,AgeGroup_45-49
2020-04-02,AgeGroup_45-49
2020-04-02,AgeGroup_45-49
2020-04-02,AgeGroup_45-49
2020-04-02,AgeGroup_50-54
2020-04-02,AgeGroup_50-54
2020-04-02,AgeGroup_50-54
2020-04-02,AgeGroup_55-59
2020-04-02,AgeGroup_55-59
2020-04-02,AgeGroup_55-59
2020-04-02,AgeGroup_55-59
2020-04-02,AgeGroup_55-59
2020-04-02,AgeGroup_55-59
2020-04-02,AgeGroup_55-59
2020-04-02,AgeGroup_55-59
2020-04-02,AgeGroup_60-64
2020-04-02,AgeGroup_60-64
2020-04-02,AgeGroup_60-64
2020-04-02,AgeGroup_60-64
2020-04-02,AgeGroup_60-64
2020-04-02,AgeGroup_60-64
2020-04-02,AgeGroup_65-69
2020-04-02,AgeGroup_65-69
2020-04-02,AgeGroup_65-69
2020-04-02,AgeGroup_65-69
2020-04-02,AgeGroup_65-69
2020-04-02,AgeGroup_65-69
2020-04-02,AgeGroup_65-69
2020-04-02,AgeGroup_65-69
2020-04-02,AgeGroup_65-69
2020-04-02,AgeGroup_70+
2020-04-02,AgeGroup_70+
2020-04-02,AgeGroup_70+
2020-04-02,AgeGroup_70+
2020-04-02,AgeGroup_70+
2020-04-02,AgeGroup_70+
2020-04-02,AgeGroup_70+
2020-04-02,AgeGroup_70+
2020-04-02,AgeGroup_70+
2020-04-02,AgeGroup_70+
2020-04-02,AgeGroup_5-9
2020-04-02,AgeGroup_70+
2020-04-02,AgeGroup_70+
2020-04-03,AgeGroup_0-4
2020-04-03,AgeGroup_10-14
2020-04-03,AgeGroup_15-19
2020-04-03,AgeGroup_15-19
2020-04-03,AgeGroup_15-19
2020-04-03,AgeGroup_15-19
2020-04-03,AgeGroup_20-24
2020-04-03,AgeGroup_20-24
2020-04-03,AgeGroup_20-24
2020-04-03,AgeGroup_20-24
2020-04-03,AgeGroup_20-24
2020-04-03,AgeGroup_25-29
2020-04-03,AgeGroup_25-29
2020-04-03,AgeGroup_25-29
2020-04-03,AgeGroup_25-29
2020-04-03,AgeGroup_25-29
2020-04-03,AgeGroup_25-29
2020-04-03,AgeGroup_25-29
2020-04-03,AgeGroup_25-29
2020-04-03,AgeGroup_0-4
2020-04-03,AgeGroup_30-34
2020-04-03,AgeGroup_30-34
2020-04-03,AgeGroup_30-34
2020-04-03,AgeGroup_30-34
2020-04-03,AgeGroup_30-34
2020-04-03,AgeGroup_30-34
2020-04-03,AgeGroup_30-34
2020-04-03,AgeGroup_30-34
2020-04-03,AgeGroup_30-34
2020-04-03,AgeGroup_30-34
2020-04-03,AgeGroup_35-39
2020-04-03,AgeGroup_35-39
2020-04-03,AgeGroup_35-39
2020-04-03,AgeGroup_35-39
2020-04-03,AgeGroup_35-39
2020-04-03,AgeGroup_35-39
2020-04-03,AgeGroup_40-44
2020-04-03,AgeGroup_40-44
2020-04-03,AgeGroup_40-44
2020-04-03,AgeGroup_40-44
2020-04-03,AgeGroup_40-44
2020-04-03,AgeGroup_40-44
2020-04-03,AgeGroup_45-49
2020-04-03,AgeGroup_45-49
2020-04-03,AgeGroup_45-49
2020-04-03,AgeGroup_50-54
2020-04-03,AgeGroup_50-54
2020-04-03,AgeGroup_50-54
2020-04-03,AgeGroup_50-54
2020-04-03,AgeGroup_55-59
2020-04-03,AgeGroup_55-59
2020-04-03,AgeGroup_55-59
2020-04-03,AgeGroup_55-59
2020-04-03,AgeGroup_60-64
2020-04-03,AgeGroup_60-64
2020-04-03,AgeGroup_60-64
2020-04-03,AgeGroup_60-64
2020-04-03,AgeGroup_60-64
2020-04-03,AgeGroup_60-64
2020-04-03,AgeGroup_60-64
2020-04-03,AgeGroup_65-69
2020-04-03,AgeGroup_65-69
2020-04-03,AgeGroup_65-69
2020-04-03,AgeGroup_65-69
2020-04-03,AgeGroup_65-69
2020-04-03,AgeGroup_65-69
2020-04-03,AgeGroup_65-69
2020-04-03,AgeGroup_65-69
2020-04-03,AgeGroup_70+
2020-04-03,AgeGroup_70+
2020-04-03,AgeGroup_70+
2020-04-03,AgeGroup_70+
2020-04-03,AgeGroup_70+
2020-04-03,AgeGroup_70+
2020-04-03,AgeGroup_70+
2020-04-03,AgeGroup_70+
2020-04-03,AgeGroup_70+
2020-04-03,AgeGroup_70+
2020-04-03,AgeGroup_70+
2020-04-03,AgeGroup_70+
2020-04-04,AgeGroup_15-19
2020-04-04,AgeGroup_15-19
2020-04-04,AgeGroup_20-24
2020-04-04,AgeGroup_20-24
2020-04-04,AgeGroup_20-24
2020-04-04,AgeGroup_25-29
2020-04-04,AgeGroup_25-29
2020-04-04,AgeGroup_25-29
2020-04-04,AgeGroup_25-29
2020-04-04,AgeGroup_30-34
2020-04-04,AgeGroup_30-34
2020-04-04,AgeGroup_30-34
2020-04-04,AgeGroup_30-34
2020-04-04,AgeGroup_30-34
2020-04-04,AgeGroup_30-34
2020-04-04,AgeGroup_30-34
2020-04-04,AgeGroup_30-34
2020-04-04,AgeGroup_30-34
2020-04-04,AgeGroup_30-34
2020-04-04,AgeGroup_30-34
2020-04-04,AgeGroup_30-34
2020-04-04,AgeGroup_30-34
2020-04-04,AgeGroup_30-34
2020-04-04,AgeGroup_35-39
2020-04-04,AgeGroup_35-39
2020-04-04,AgeGroup_35-39
2020-04-04,AgeGroup_35-39
2020-04-04,AgeGroup_35-39
2020-04-04,AgeGroup_35-39
2020-04-04,AgeGroup_40-44
2020-04-04,AgeGroup_40-44
2020-04-04,AgeGroup_40-44
2020-04-04,AgeGroup_40-44
2020-04-04,AgeGroup_40-44
2020-04-04,AgeGroup_40-44
2020-04-04,AgeGroup_40-44
2020-04-04,AgeGroup_45-49
2020-04-04,AgeGroup_45-49
2020-04-04,AgeGroup_45-49
2020-04-04,AgeGroup_45-49
2020-04-04,AgeGroup_45-49
2020-04-04,AgeGroup_50-54
2020-04-04,AgeGroup_50-54
2020-04-04,AgeGroup_50-54
2020-04-04,AgeGroup_50-54
2020-04-04,AgeGroup_50-54
2020-04-04,AgeGroup_55-59
2020-04-04,AgeGroup_55-59
2020-04-04,AgeGroup_55-59
2020-04-04,AgeGroup_55-59
2020-04-04,AgeGroup_55-59
2020-04-04,AgeGroup_55-59
2020-04-04,AgeGroup_60-64
2020-04-04,AgeGroup_60-64
2020-04-04,AgeGroup_60-64
2020-04-04,AgeGroup_60-64
2020-04-04,AgeGroup_65-69
2020-04-04,AgeGroup_65-69
2020-04-04,AgeGroup_65-69
2020-04-04,AgeGroup_65-69
2020-04-04,AgeGroup_65-69
2020-04-04,AgeGroup_65-69
2020-04-04,AgeGroup_70+
2020-04-04,AgeGroup_70+
2020-04-04,AgeGroup_70+
2020-04-04,AgeGroup_70+
2020-04-04,AgeGroup_70+
2020-04-04,AgeGroup_70+
2020-04-04,AgeGroup_70+
2020-04-04,AgeGroup_70+
2020-04-04,AgeGroup_70+
2020-04-04,AgeGroup_70+
2020-04-04,AgeGroup_70+
2020-04-04,AgeGroup_70+
2020-04-04,AgeGroup_70+
2020-04-04,AgeGroup_70+
2020-04-04,AgeGroup_70+
2020-04-05,AgeGroup_15-19
2020-04-05,AgeGroup_15-19
2020-04-05,AgeGroup_20-24
2020-04-05,AgeGroup_20-24
2020-04-05,AgeGroup_20-24
2020-04-05,AgeGroup_20-24
2020-04-05,AgeGroup_25-29
2020-04-05,AgeGroup_30-34
2020-04-05,AgeGroup_30-34
2020-04-05,AgeGroup_30-34
2020-04-05,AgeGroup_30-34
2020-04-05,AgeGroup_35-39
2020-04-05,AgeGroup_35-39
2020-04-05,AgeGroup_35-39
2020-04-05,AgeGroup_35-39
2020-04-05,AgeGroup_35-39
2020-04-05,AgeGroup_35-39
2020-04-05,AgeGroup_35-39
2020-04-05,AgeGroup_35-39
2020-04-05,AgeGroup_0-4
2020-04-05,AgeGroup_40-44
2020-04-05,AgeGroup_40-44
2020-04-05,AgeGroup_40-44
2020-04-05,AgeGroup_40-44
2020-04-05,AgeGroup_40-44
2020-04-05,AgeGroup_45-49
2020-04-05,AgeGroup_45-49
2020-04-05,AgeGroup_45-49
2020-04-05,AgeGroup_50-54
2020-04-05,AgeGroup_50-54
2020-04-05,AgeGroup_50-54
2020-04-05,AgeGroup_55-59
2020-04-05,AgeGroup_55-59
2020-04-05,AgeGroup_55-59
2020-04-05,AgeGroup_55-59
2020-04-05,AgeGroup_55-59
2020-04-05,AgeGroup_55-59
2020-04-05,AgeGroup_55-59
2020-04-05,AgeGroup_55-59
2020-04-05,AgeGroup_55-59
2020-04-05,AgeGroup_55-59
2020-04-05,AgeGroup_55-59
2020-04-05,AgeGroup_5-9
2020-04-05,AgeGroup_60-64
2020-04-05,AgeGroup_60-64
2020-04-05,AgeGroup_60-64
2020-04-05,AgeGroup_60-64
2020-04-05,AgeGroup_60-64
2020-04-05,AgeGroup_60-64
2020-04-05,AgeGroup_70+
2020-04-05,AgeGroup_70+
2020-04-05,AgeGroup_70+
2020-04-05,AgeGroup_70+
2020-04-05,AgeGroup_70+
2020-04-05,AgeGroup_70+
2020-04-05,AgeGroup_70+
2020-04-06,AgeGroup_20-24
2020-04-06,AgeGroup_20-24
2020-04-06,AgeGroup_20-24
2020-04-06,AgeGroup_20-24
2020-04-06,AgeGroup_25-29
2020-04-06,AgeGroup_25-29
2020-04-06,AgeGroup_25-29
2020-04-06,AgeGroup_25-29
2020-04-06,AgeGroup_25-29
2020-04-06,AgeGroup_25-29
2020-04-06,AgeGroup_30-34
2020-04-06,AgeGroup_30-34
2020-04-06,AgeGroup_30-34
2020-04-06,AgeGroup_30-34
2020-04-06,AgeGroup_35-39
2020-04-06,AgeGroup_35-39
2020-04-06,AgeGroup_35-39
2020-04-06,AgeGroup_40-44
2020-04-06,AgeGroup_45-49
2020-04-06,AgeGroup_45-49
2020-04-06,AgeGroup_5-9
2020-04-06,AgeGroup_55-59
2020-04-06,AgeGroup_55-59
2020-04-06,AgeGroup_55-59
2020-04-06,AgeGroup_60-64
2020-04-06,AgeGroup_60-64
2020-04-06,AgeGroup_60-64
2020-04-06,AgeGroup_60-64
2020-04-06,AgeGroup_65-69
2020-04-06,AgeGroup_65-69
2020-04-06,AgeGroup_65-69
2020-04-06,AgeGroup_65-69
2020-04-06,AgeGroup_65-69
2020-04-06,AgeGroup_70+
2020-04-06,AgeGroup_70+
2020-04-07,AgeGroup_15-19
2020-04-07,AgeGroup_20-24
2020-04-07,AgeGroup_20-24
2020-04-07,AgeGroup_20-24
2020-04-07,AgeGroup_20-24
2020-04-07,AgeGroup_25-29
2020-04-07,AgeGroup_30-34
2020-04-07,AgeGroup_30-34
2020-04-07,AgeGroup_30-34
2020-04-07,AgeGroup_35-39
2020-04-07,AgeGroup_35-39
2020-04-07,AgeGroup_35-39
2020-04-07,AgeGroup_35-39
2020-04-07,AgeGroup_40-44
2020-04-07,AgeGroup_40-44
2020-04-07,AgeGroup_45-49
2020-04-07,AgeGroup_50-54
2020-04-07,AgeGroup_55-59
2020-04-07,AgeGroup_60-64
2020-04-07,AgeGroup_60-64
2020-04-07,AgeGroup_60-64
2020-04-07,AgeGroup_60-64
2020-04-07,AgeGroup_60-64
2020-04-07,AgeGroup_60-64
2020-04-07,AgeGroup_60-64
2020-04-07,AgeGroup_60-64
2020-04-07,AgeGroup_65-69
2020-04-07,AgeGroup_65-69
2020-04-07,AgeGroup_70+
2020-04-07,AgeGroup_70+
2020-04-08,AgeGroup_10-14
2020-04-08,AgeGroup_10-14
2020-04-08,AgeGroup_10-14
2020-04-08,AgeGroup_20-24
2020-04-08,AgeGroup_20-24
2020-04-08,AgeGroup_20-24
2020-04-08,AgeGroup_20-24
2020-04-08,AgeGroup_20-24
2020-04-08,AgeGroup_25-29
2020-04-08,AgeGroup_25-29
2020-04-08,AgeGroup_25-29
2020-04-08,AgeGroup_25-29
2020-04-08,AgeGroup_25-29
2020-04-08,AgeGroup_25-29
2020-04-08,AgeGroup_30-34
2020-04-08,AgeGroup_30-34
2020-04-08,AgeGroup_30-34
2020-04-08,AgeGroup_30-34
2020-04-08,AgeGroup_30-34
2020-04-08,AgeGroup_30-34
2020-04-08,AgeGroup_35-39
2020-04-08,AgeGroup_35-39
2020-04-08,AgeGroup_35-39
2020-04-08,AgeGroup_35-39
2020-04-08,AgeGroup_35-39
2020-04-08,AgeGroup_40-44
2020-04-08,AgeGroup_40-44
2020-04-08,AgeGroup_45-49
2020-04-08,AgeGroup_45-49
2020-04-08,AgeGroup_45-49
2020-04-08,AgeGroup_45-49
2020-04-08,AgeGroup_45-49
2020-04-08,AgeGroup_45-49
2020-04-08,AgeGroup_50-54
2020-04-08,AgeGroup_50-54
2020-04-08,AgeGroup_50-54
2020-04-08,AgeGroup_50-54
2020-04-08,AgeGroup_55-59
2020-04-08,AgeGroup_55-59
2020-04-08,AgeGroup_55-59
2020-04-08,AgeGroup_55-59
2020-04-08,AgeGroup_55-59
2020-04-08,AgeGroup_55-59
2020-04-08,AgeGroup_60-64
2020-04-08,AgeGroup_60-64
2020-04-08,AgeGroup_60-64
2020-04-08,AgeGroup_60-64
2020-04-08,AgeGroup_65-69
2020-04-08,AgeGroup_65-69
2020-04-08,AgeGroup_65-69
2020-04-08,AgeGroup_70+
2020-04-08,AgeGroup_70+
2020-04-08,AgeGroup_70+
2020-04-08,AgeGroup_70+
2020-04-08,AgeGroup_5-9
2020-04-09,AgeGroup_20-24
2020-04-09,AgeGroup_20-24
2020-04-09,AgeGroup_20-24
2020-04-09,AgeGroup_25-29
2020-04-09,AgeGroup_25-29
2020-04-09,AgeGroup_25-29
2020-04-09,AgeGroup_30-34
2020-04-09,AgeGroup_30-34
2020-04-09,AgeGroup_35-39
2020-04-09,AgeGroup_40-44
2020-04-09,AgeGroup_40-44
2020-04-09,AgeGroup_40-44
2020-04-09,AgeGroup_40-44
2020-04-09,AgeGroup_45-49
2020-04-09,AgeGroup_55-59
2020-04-09,AgeGroup_55-59
2020-04-09,AgeGroup_60-64
2020-04-09,AgeGroup_60-64
2020-04-09,AgeGroup_60-64
2020-04-09,AgeGroup_60-64
2020-04-09,AgeGroup_60-64
2020-04-09,AgeGroup_60-64
2020-04-09,AgeGroup_60-64
2020-04-09,AgeGroup_60-64
2020-04-09,AgeGroup_65-69
2020-04-09,AgeGroup_65-69
2020-04-09,AgeGroup_65-69
2020-04-09,AgeGroup_70+
2020-04-09,AgeGroup_70+
2020-04-09,AgeGroup_70+
2020-04-10,AgeGroup_10-14
2020-04-10,AgeGroup_20-24
2020-04-10,AgeGroup_20-24
2020-04-10,AgeGroup_25-29
2020-04-10,AgeGroup_25-29
2020-04-10,AgeGroup_25-29
2020-04-10,AgeGroup_25-29
2020-04-10,AgeGroup_30-34
2020-04-10,AgeGroup_35-39
2020-04-10,AgeGroup_35-39
2020-04-10,AgeGroup_35-39
2020-04-10,AgeGroup_45-49
2020-04-10,AgeGroup_55-59
2020-04-10,AgeGroup_65-69
2020-04-10,AgeGroup_65-69
2020-04-10,AgeGroup_65-69
2020-04-11,AgeGroup_20-24
2020-04-11,AgeGroup_20-24
2020-04-11,AgeGroup_20-24
2020-04-11,AgeGroup_25-29
2020-04-11,AgeGroup_30-34
2020-04-11,AgeGroup_35-39
2020-04-11,AgeGroup_55-59
2020-04-11,AgeGroup_60-64
2020-04-11,AgeGroup_70+
2020-04-11,AgeGroup_70+
2020-04-11,AgeGroup_70+
2020-04-12,AgeGroup_20-24
2020-04-12,AgeGroup_25-29
2020-04-12,AgeGroup_30-34
2020-04-12,AgeGroup_35-39
2020-04-12,AgeGroup_40-44
2020-04-12,AgeGroup_65-69
2020-04-12,AgeGroup_5-9
2020-04-12,AgeGroup_70+
2020-04-13,AgeGroup_30-34
2020-04-13,AgeGroup_30-34
2020-04-13,AgeGroup_35-39
2020-04-13,AgeGroup_65-69
2020-04-13,AgeGroup_70+
2020-04-14,AgeGroup_70+
2020-04-14,AgeGroup_20-24
2020-04-14,AgeGroup_20-24
2020-04-14,AgeGroup_20-24
2020-04-14,AgeGroup_20-24
2020-04-14,AgeGroup_25-29
2020-04-14,AgeGroup_30-34
2020-04-14,AgeGroup_30-34
2020-04-14,AgeGroup_30-34
2020-04-14,AgeGroup_30-34
2020-04-14,AgeGroup_35-39
2020-04-14,AgeGroup_35-39
2020-04-14,AgeGroup_35-39
2020-04-14,AgeGroup_40-44
2020-04-14,AgeGroup_40-44
2020-04-14,AgeGroup_45-49
2020-04-14,AgeGroup_45-49
2020-04-14,AgeGroup_45-49
2020-04-14,AgeGroup_45-49
2020-04-14,AgeGroup_45-49
2020-04-14,AgeGroup_50-54
2020-04-14,AgeGroup_50-54
2020-04-14,AgeGroup_60-64
2020-04-14,AgeGroup_60-64
2020-04-14,AgeGroup_65-69
2020-04-14,AgeGroup_65-69
2020-04-14,AgeGroup_65-69
2020-04-14,AgeGroup_70+
2020-04-14,AgeGroup_70+
2020-04-14,AgeGroup_70+
2020-04-14,AgeGroup_70+
2020-04-14,AgeGroup_70+
2020-04-14,AgeGroup_70+
2020-04-14,AgeGroup_70+
2020-04-14,AgeGroup_70+
2020-04-14,AgeGroup_70+
2020-04-14,AgeGroup_70+
2020-04-14,AgeGroup_70+
2020-04-14,AgeGroup_70+
2020-04-14,AgeGroup_70+
2020-04-14,AgeGroup_70+
2020-04-14,AgeGroup_70+
2020-04-14,AgeGroup_70+
2020-04-14,AgeGroup_70+
2020-04-14,AgeGroup_70+
2020-04-14,AgeGroup_70+
2020-04-14,AgeGroup_70+
2020-04-14,AgeGroup_70+
2020-04-14,AgeGroup_70+
2020-04-14,AgeGroup_70+
2020-04-14,AgeGroup_70+
2020-04-14,AgeGroup_70+
2020-04-14,AgeGroup_70+
2020-04-14,AgeGroup_70+
2020-04-14,AgeGroup_70+
2020-04-14,AgeGroup_70+
2020-04-14,AgeGroup_70+
2020-04-14,AgeGroup_70+
2020-04-14,AgeGroup_70+
2020-04-14,AgeGroup_70+
2020-04-14,AgeGroup_70+
2020-04-14,AgeGroup_70+
2020-04-14,AgeGroup_70+
2020-04-15,AgeGroup_20-24
2020-04-15,AgeGroup_30-34
2020-04-15,AgeGroup_35-39
2020-04-15,AgeGroup_55-59
2020-04-15,AgeGroup_55-59
2020-04-15,AgeGroup_60-64
2020-04-16,AgeGroup_0-4
2020-04-16,AgeGroup_20-24
2020-04-16,AgeGroup_30-34
2020-04-16,AgeGroup_40-44
2020-04-16,AgeGroup_40-44
2020-04-16,AgeGroup_50-54
2020-04-16,AgeGroup_70+
2020-04-16,AgeGroup_70+
2020-04-17,AgeGroup_25-29
2020-04-17,AgeGroup_25-29
2020-04-17,AgeGroup_45-49
2020-04-17,AgeGroup_45-49
2020-04-17,AgeGroup_45-49
2020-04-17,AgeGroup_50-54
2020-04-17,AgeGroup_50-54
2020-04-17,AgeGroup_55-59
2020-04-17,AgeGroup_55-59
2020-04-17,AgeGroup_55-59
2020-04-17,AgeGroup_65-69
2020-04-17,AgeGroup_70+
2020-04-17,AgeGroup_70+
2020-04-18,AgeGroup_10-14
2020-04-18,AgeGroup_20-24
2020-04-18,AgeGroup_25-29
2020-04-18,AgeGroup_25-29
2020-04-18,AgeGroup_25-29
2020-04-18,AgeGroup_35-39
2020-04-18,AgeGroup_45-49
2020-04-18,AgeGroup_50-54
2020-04-18,AgeGroup_55-59
2020-04-18,AgeGroup_55-59
2020-04-18,AgeGroup_60-64
2020-04-18,AgeGroup_60-64
2020-04-18,AgeGroup_70+
2020-04-19,AgeGroup_20-24
2020-04-19,AgeGroup_30-34
2020-04-19,AgeGroup_40-44
2020-04-19,AgeGroup_45-49
2020-04-19,AgeGroup_50-54
2020-04-19,AgeGroup_70+
2020-04-19,AgeGroup_70+
2020-04-19,AgeGroup_70+
2020-04-21,AgeGroup_30-34
2020-04-21,AgeGroup_40-44
2020-04-21,AgeGroup_40-44
2020-04-21,AgeGroup_40-44
2020-04-21,AgeGroup_60-64
2020-04-21,AgeGroup_65-69
2020-04-22,AgeGroup_15-19
2020-04-22,AgeGroup_30-34
2020-04-22,AgeGroup_45-49
2020-04-22,AgeGroup_45-49
2020-04-22,AgeGroup_65-69
2020-04-23,AgeGroup_20-24
2020-04-23,AgeGroup_45-49
2020-04-24,AgeGroup_0-4
2020-04-24,AgeGroup_10-14
2020-04-24,AgeGroup_10-14
2020-04-24,AgeGroup_25-29
2020-04-24,AgeGroup_25-29
2020-04-24,AgeGroup_25-29
2020-04-24,AgeGroup_5-9
2020-04-24,AgeGroup_60-64
2020-04-24,AgeGroup_60-64
